state,year,barrels,type,state_name
AK,2008,2067.69,On Premises,Alaska
AL,2008,723.53,On Premises,Alabama
AR,2008,1328.35,On Premises,Arkansas
AZ,2008,14857.81,On Premises,Arizona
CA,2008,61172.74,On Premises,California
CO,2008,48528.59,On Premises,Colorado
CT,2008,2205.67,On Premises,Connecticut
DC,2008,2957.74,On Premises,District of Columbia
DE,2008,2005.33,On Premises,Delaware
FL,2008,7078.610000000001,On Premises,Florida
GA,2008,3751.97,On Premises,Georgia
HI,2008,1875.2,On Premises,Hawaii
IA,2008,6817.26,On Premises,Iowa
ID,2008,3385.1,On Premises,Idaho
IL,2008,17941.55,On Premises,Illinois
IN,2008,8775.27,On Premises,Indiana
KS,2008,7386.889999999999,On Premises,Kansas
KY,2008,5205.78,On Premises,Kentucky
LA,2008,1421.57,On Premises,Louisiana
MA,2008,10612.91,On Premises,Massachusetts
MD,2008,6787.24,On Premises,Maryland
ME,2008,5094.65,On Premises,Maine
MI,2008,21484.83,On Premises,Michigan
MN,2008,8568.380000000001,On Premises,Minnesota
MO,2008,14793.83,On Premises,Missouri
MS,2008,1165834.9758888278,On Premises,Mississippi
MT,2008,1039.61,On Premises,Montana
NC,2008,14561.53,On Premises,North Carolina
ND,2008,648.3299999999999,On Premises,North Dakota
NE,2008,3927.23,On Premises,Nebraska
NH,2008,4543.38,On Premises,New Hampshire
NJ,2008,4958.4,On Premises,New Jersey
NM,2008,7263.269999999999,On Premises,New Mexico
NV,2008,15454.08,On Premises,Nevada
NY,2008,12354.419999999998,On Premises,New York
OH,2008,8070.58,On Premises,Ohio
OK,2008,3115.11,On Premises,Oklahoma
OR,2008,20091.2,On Premises,Oregon
PA,2008,20690.29,On Premises,Pennsylvania
RI,2008,940.31,On Premises,Rhode Island
SC,2008,3250.91,On Premises,South Carolina
SD,2008,879.8199999999999,On Premises,South Dakota
TN,2008,12092.4,On Premises,Tennessee
TX,2008,9670.24,On Premises,Texas
UT,2008,6446.05,On Premises,Utah
VA,2008,11976.19,On Premises,Virginia
VT,2008,3486.8100000000004,On Premises,Vermont
WA,2008,17195.23,On Premises,Washington
WI,2008,14919.93,On Premises,Wisconsin
WV,2008,608.65,On Premises,West Virginia
WY,2008,2135.61,On Premises,Wyoming
AK,2008,81218.75,Bottles and Cans,Alaska
AL,2008,1165834.9758888278,Bottles and Cans,Alabama
AR,2008,1206.73,Bottles and Cans,Arkansas
AZ,2008,6980.87,Bottles and Cans,Arizona
CA,2008,20082718.48,Bottles and Cans,California
CO,2008,24182900.4,Bottles and Cans,Colorado
CT,2008,1985.86,Bottles and Cans,Connecticut
DC,2008,732.36,Bottles and Cans,District of Columbia
DE,2008,57376.89,Bottles and Cans,Delaware
FL,2008,8301524.51,Bottles and Cans,Florida
GA,2008,14460115.55,Bottles and Cans,Georgia
HI,2008,3244.23,Bottles and Cans,Hawaii
IA,2008,1951.71,Bottles and Cans,Iowa
ID,2008,4710.76,Bottles and Cans,Idaho
IL,2008,735775.96,Bottles and Cans,Illinois
IN,2008,7626.27,Bottles and Cans,Indiana
KS,2008,749.0,Bottles and Cans,Kansas
KY,2008,76976.9,Bottles and Cans,Kentucky
LA,2008,53303.39,Bottles and Cans,Louisiana
MA,2008,51229.45,Bottles and Cans,Massachusetts
MD,2008,47959.13,Bottles and Cans,Maryland
ME,2008,76817.87,Bottles and Cans,Maine
MI,2008,83937.28,Bottles and Cans,Michigan
MN,2008,223517.81,Bottles and Cans,Minnesota
MO,2008,14124480.48,Bottles and Cans,Missouri
MS,2008,1952.64,Bottles and Cans,Mississippi
MT,2008,32902.39,Bottles and Cans,Montana
NC,2008,6717728.97,Bottles and Cans,North Carolina
ND,2008,1165834.9758888278,Bottles and Cans,North Dakota
NE,2008,1792.16,Bottles and Cans,Nebraska
NH,2008,2786576.49,Bottles and Cans,New Hampshire
NJ,2008,6600357.44,Bottles and Cans,New Jersey
NM,2008,4447.6,Bottles and Cans,New Mexico
NV,2008,234.05,Bottles and Cans,Nevada
NY,2008,6997372.81,Bottles and Cans,New York
OH,2008,18015059.22,Bottles and Cans,Ohio
OK,2008,1186.99,Bottles and Cans,Oklahoma
OR,2008,524814.27,Bottles and Cans,Oregon
PA,2008,2238872.56,Bottles and Cans,Pennsylvania
RI,2008,78.0,Bottles and Cans,Rhode Island
SC,2008,3475.55,Bottles and Cans,South Carolina
SD,2008,1165834.9758888278,Bottles and Cans,South Dakota
TN,2008,292.08,Bottles and Cans,Tennessee
TX,2008,18671765.96,Bottles and Cans,Texas
UT,2008,22701.49,Bottles and Cans,Utah
VA,2008,14083265.0,Bottles and Cans,Virginia
VT,2008,219875.42,Bottles and Cans,Vermont
WA,2008,130485.73,Bottles and Cans,Washington
WI,2008,7202790.46,Bottles and Cans,Wisconsin
WV,2008,1277.63,Bottles and Cans,West Virginia
WY,2008,1666.38,Bottles and Cans,Wyoming
AK,2008,50920.35,Kegs and Barrels,Alaska
AL,2008,157.33,Kegs and Barrels,Alabama
AR,2008,882.83,Kegs and Barrels,Arkansas
AZ,2008,18635.98,Kegs and Barrels,Arizona
CA,2008,2005517.01,Kegs and Barrels,California
CO,2008,2564428.26,Kegs and Barrels,Colorado
CT,2008,3851.71,Kegs and Barrels,Connecticut
DC,2008,1165834.9758888278,Kegs and Barrels,District of Columbia
DE,2008,25709.65,Kegs and Barrels,Delaware
FL,2008,1188745.72,Kegs and Barrels,Florida
GA,2008,412159.15,Kegs and Barrels,Georgia
HI,2008,13159.64,Kegs and Barrels,Hawaii
IA,2008,2113.46,Kegs and Barrels,Iowa
ID,2008,6279.71,Kegs and Barrels,Idaho
IL,2008,39678.85,Kegs and Barrels,Illinois
IN,2008,11103.64,Kegs and Barrels,Indiana
KS,2008,1521.34,Kegs and Barrels,Kansas
KY,2008,4568.13,Kegs and Barrels,Kentucky
LA,2008,28163.29,Kegs and Barrels,Louisiana
MA,2008,79385.94,Kegs and Barrels,Massachusetts
MD,2008,23321.62,Kegs and Barrels,Maryland
ME,2008,42649.45,Kegs and Barrels,Maine
MI,2008,74309.35,Kegs and Barrels,Michigan
MN,2008,62497.37,Kegs and Barrels,Minnesota
MO,2008,1527439.4,Kegs and Barrels,Missouri
MS,2008,2329.33,Kegs and Barrels,Mississippi
MT,2008,36944.52,Kegs and Barrels,Montana
NC,2008,834274.14,Kegs and Barrels,North Carolina
ND,2008,1165834.9758888278,Kegs and Barrels,North Dakota
NE,2008,3524.26,Kegs and Barrels,Nebraska
NH,2008,331130.43,Kegs and Barrels,New Hampshire
NJ,2008,489576.07,Kegs and Barrels,New Jersey
NM,2008,5965.5,Kegs and Barrels,New Mexico
NV,2008,14809.07,Kegs and Barrels,Nevada
NY,2008,749430.78,Kegs and Barrels,New York
OH,2008,1708860.22,Kegs and Barrels,Ohio
OK,2008,939.98,Kegs and Barrels,Oklahoma
OR,2008,302197.16,Kegs and Barrels,Oregon
PA,2008,772329.9,Kegs and Barrels,Pennsylvania
RI,2008,2347.0,Kegs and Barrels,Rhode Island
SC,2008,6193.71,Kegs and Barrels,South Carolina
SD,2008,572.0,Kegs and Barrels,South Dakota
TN,2008,10155.49,Kegs and Barrels,Tennessee
TX,2008,1094276.99,Kegs and Barrels,Texas
UT,2008,26717.11,Kegs and Barrels,Utah
VA,2008,1425448.78,Kegs and Barrels,Virginia
VT,2008,70621.02,Kegs and Barrels,Vermont
WA,2008,165425.08,Kegs and Barrels,Washington
WI,2008,1039757.77,Kegs and Barrels,Wisconsin
WV,2008,1655.04,Kegs and Barrels,West Virginia
WY,2008,2989.71,Kegs and Barrels,Wyoming
AK,2009,2263.65,On Premises,Alaska
AL,2009,238.6,On Premises,Alabama
AR,2009,1279.34,On Premises,Arkansas
AZ,2009,15640.69,On Premises,Arizona
CA,2009,54504.99,On Premises,California
CO,2009,49895.79,On Premises,Colorado
CT,2009,2075.57,On Premises,Connecticut
DC,2009,2948.61,On Premises,District of Columbia
DE,2009,2205.38,On Premises,Delaware
FL,2009,6426.66,On Premises,Florida
GA,2009,3038.61,On Premises,Georgia
HI,2009,1578.85,On Premises,Hawaii
IA,2009,6487.26,On Premises,Iowa
ID,2009,3195.88,On Premises,Idaho
IL,2009,17090.05,On Premises,Illinois
IN,2009,9190.01,On Premises,Indiana
KS,2009,6970.03,On Premises,Kansas
KY,2009,5672.58,On Premises,Kentucky
LA,2009,1513.57,On Premises,Louisiana
MA,2009,11547.2,On Premises,Massachusetts
MD,2009,7577.58,On Premises,Maryland
ME,2009,5528.07,On Premises,Maine
MI,2009,22590.99,On Premises,Michigan
MN,2009,7928.92,On Premises,Minnesota
MO,2009,13213.419999999998,On Premises,Missouri
MS,2009,5.81,On Premises,Mississippi
MT,2009,1827.57,On Premises,Montana
NC,2009,14406.8,On Premises,North Carolina
ND,2009,626.62,On Premises,North Dakota
NE,2009,5007.46,On Premises,Nebraska
NH,2009,4645.59,On Premises,New Hampshire
NJ,2009,4944.87,On Premises,New Jersey
NM,2009,8925.99,On Premises,New Mexico
NV,2009,14003.16,On Premises,Nevada
NY,2009,12034.5,On Premises,New York
OH,2009,7718.23,On Premises,Ohio
OK,2009,2621.87,On Premises,Oklahoma
OR,2009,23391.44,On Premises,Oregon
PA,2009,24100.19,On Premises,Pennsylvania
RI,2009,692.41,On Premises,Rhode Island
SC,2009,2901.18,On Premises,South Carolina
SD,2009,860.25,On Premises,South Dakota
TN,2009,11977.06,On Premises,Tennessee
TX,2009,9814.02,On Premises,Texas
UT,2009,5941.77,On Premises,Utah
VA,2009,12379.87,On Premises,Virginia
VT,2009,3587.06,On Premises,Vermont
WA,2009,17651.64,On Premises,Washington
WI,2009,14700.4,On Premises,Wisconsin
WV,2009,78.0,On Premises,West Virginia
WY,2009,2518.9,On Premises,Wyoming
AK,2009,89762.16,Bottles and Cans,Alaska
AL,2009,1165834.9758888278,Bottles and Cans,Alabama
AR,2009,1269.26,Bottles and Cans,Arkansas
AZ,2009,7383.27,Bottles and Cans,Arizona
CA,2009,19452836.45,Bottles and Cans,California
CO,2009,21095113.55,Bottles and Cans,Colorado
CT,2009,3152.59,Bottles and Cans,Connecticut
DC,2009,629.61,Bottles and Cans,District of Columbia
DE,2009,73743.37,Bottles and Cans,Delaware
FL,2009,9028726.18,Bottles and Cans,Florida
GA,2009,15110122.41,Bottles and Cans,Georgia
HI,2009,5154.78,Bottles and Cans,Hawaii
IA,2009,2714.54,Bottles and Cans,Iowa
ID,2009,4765.33,Bottles and Cans,Idaho
IL,2009,920737.45,Bottles and Cans,Illinois
IN,2009,9704.3,Bottles and Cans,Indiana
KS,2009,1869.36,Bottles and Cans,Kansas
KY,2009,76927.25,Bottles and Cans,Kentucky
LA,2009,58728.33,Bottles and Cans,Louisiana
MA,2009,64333.05,Bottles and Cans,Massachusetts
MD,2009,48841.34,Bottles and Cans,Maryland
ME,2009,74021.63,Bottles and Cans,Maine
MI,2009,95754.44,Bottles and Cans,Michigan
MN,2009,221315.48,Bottles and Cans,Minnesota
MO,2009,13429771.56,Bottles and Cans,Missouri
MS,2009,3521.57,Bottles and Cans,Mississippi
MT,2009,36322.98,Bottles and Cans,Montana
NC,2009,7129633.14,Bottles and Cans,North Carolina
ND,2009,1165834.9758888278,Bottles and Cans,North Dakota
NE,2009,2575.65,Bottles and Cans,Nebraska
NH,2009,2817627.46,Bottles and Cans,New Hampshire
NJ,2009,6522536.49,Bottles and Cans,New Jersey
NM,2009,6387.49,Bottles and Cans,New Mexico
NV,2009,700.47,Bottles and Cans,Nevada
NY,2009,6307846.95,Bottles and Cans,New York
OH,2009,17920640.25,Bottles and Cans,Ohio
OK,2009,2284.47,Bottles and Cans,Oklahoma
OR,2009,581456.86,Bottles and Cans,Oregon
PA,2009,2262763.16,Bottles and Cans,Pennsylvania
RI,2009,76.0,Bottles and Cans,Rhode Island
SC,2009,4733.84,Bottles and Cans,South Carolina
SD,2009,1165834.9758888278,Bottles and Cans,South Dakota
TN,2009,98.75,Bottles and Cans,Tennessee
TX,2009,19020183.48,Bottles and Cans,Texas
UT,2009,22586.94,Bottles and Cans,Utah
VA,2009,13471382.64,Bottles and Cans,Virginia
VT,2009,217101.35,Bottles and Cans,Vermont
WA,2009,126287.74,Bottles and Cans,Washington
WI,2009,9095536.35,Bottles and Cans,Wisconsin
WV,2009,734.0,Bottles and Cans,West Virginia
WY,2009,1851.16,Bottles and Cans,Wyoming
AK,2009,52278.05,Kegs and Barrels,Alaska
AL,2009,459.88,Kegs and Barrels,Alabama
AR,2009,1081.95,Kegs and Barrels,Arkansas
AZ,2009,18303.18,Kegs and Barrels,Arizona
CA,2009,2070667.22,Kegs and Barrels,California
CO,2009,2285814.82,Kegs and Barrels,Colorado
CT,2009,5471.25,Kegs and Barrels,Connecticut
DC,2009,1165834.9758888278,Kegs and Barrels,District of Columbia
DE,2009,37560.36,Kegs and Barrels,Delaware
FL,2009,1297356.04,Kegs and Barrels,Florida
GA,2009,578799.07,Kegs and Barrels,Georgia
HI,2009,13292.91,Kegs and Barrels,Hawaii
IA,2009,2634.37,Kegs and Barrels,Iowa
ID,2009,6797.91,Kegs and Barrels,Idaho
IL,2009,46856.93,Kegs and Barrels,Illinois
IN,2009,14744.42,Kegs and Barrels,Indiana
KS,2009,1857.82,Kegs and Barrels,Kansas
KY,2009,5312.0,Kegs and Barrels,Kentucky
LA,2009,34585.32,Kegs and Barrels,Louisiana
MA,2009,84522.98,Kegs and Barrels,Massachusetts
MD,2009,24036.23,Kegs and Barrels,Maryland
ME,2009,47649.73,Kegs and Barrels,Maine
MI,2009,94996.8,Kegs and Barrels,Michigan
MN,2009,67335.83,Kegs and Barrels,Minnesota
MO,2009,1382551.86,Kegs and Barrels,Missouri
MS,2009,3585.07,Kegs and Barrels,Mississippi
MT,2009,35824.92,Kegs and Barrels,Montana
NC,2009,766996.13,Kegs and Barrels,North Carolina
ND,2009,1165834.9758888278,Kegs and Barrels,North Dakota
NE,2009,4091.47,Kegs and Barrels,Nebraska
NH,2009,338988.75,Kegs and Barrels,New Hampshire
NJ,2009,487051.21,Kegs and Barrels,New Jersey
NM,2009,7739.68,Kegs and Barrels,New Mexico
NV,2009,13983.77,Kegs and Barrels,Nevada
NY,2009,650087.06,Kegs and Barrels,New York
OH,2009,1895495.69,Kegs and Barrels,Ohio
OK,2009,2578.47,Kegs and Barrels,Oklahoma
OR,2009,325659.16,Kegs and Barrels,Oregon
PA,2009,953285.76,Kegs and Barrels,Pennsylvania
RI,2009,2430.0,Kegs and Barrels,Rhode Island
SC,2009,6192.25,Kegs and Barrels,South Carolina
SD,2009,559.0,Kegs and Barrels,South Dakota
TN,2009,10982.71,Kegs and Barrels,Tennessee
TX,2009,1131030.13,Kegs and Barrels,Texas
UT,2009,25943.15,Kegs and Barrels,Utah
VA,2009,1186492.73,Kegs and Barrels,Virginia
VT,2009,86533.33,Kegs and Barrels,Vermont
WA,2009,155111.48,Kegs and Barrels,Washington
WI,2009,1191461.86,Kegs and Barrels,Wisconsin
WV,2009,1725.47,Kegs and Barrels,West Virginia
WY,2009,2489.98,Kegs and Barrels,Wyoming
AK,2010,1929.15,On Premises,Alaska
AL,2010,161.24,On Premises,Alabama
AR,2010,1331.85,On Premises,Arkansas
AZ,2010,16800.24,On Premises,Arizona
CA,2010,58276.38,On Premises,California
CO,2010,50584.87,On Premises,Colorado
CT,2010,1988.38,On Premises,Connecticut
DC,2010,3574.26,On Premises,District of Columbia
DE,2010,2308.99,On Premises,Delaware
FL,2010,7554.460000000001,On Premises,Florida
GA,2010,4165.6900000000005,On Premises,Georgia
HI,2010,1680.25,On Premises,Hawaii
IA,2010,6597.31,On Premises,Iowa
ID,2010,4089.04,On Premises,Idaho
IL,2010,20051.7,On Premises,Illinois
IN,2010,10589.68,On Premises,Indiana
KS,2010,7579.85,On Premises,Kansas
KY,2010,5289.92,On Premises,Kentucky
LA,2010,1775.2,On Premises,Louisiana
MA,2010,12231.98,On Premises,Massachusetts
MD,2010,7525.49,On Premises,Maryland
ME,2010,6978.09,On Premises,Maine
MI,2010,23176.79,On Premises,Michigan
MN,2010,8360.51,On Premises,Minnesota
MO,2010,13289.38,On Premises,Missouri
MS,2010,12.58,On Premises,Mississippi
MT,2010,2944.97,On Premises,Montana
NC,2010,20184.07,On Premises,North Carolina
ND,2010,731.62,On Premises,North Dakota
NE,2010,5392.27,On Premises,Nebraska
NH,2010,5272.03,On Premises,New Hampshire
NJ,2010,5642.15,On Premises,New Jersey
NM,2010,12544.54,On Premises,New Mexico
NV,2010,15618.93,On Premises,Nevada
NY,2010,11614.3,On Premises,New York
OH,2010,8426.0,On Premises,Ohio
OK,2010,2580.03,On Premises,Oklahoma
OR,2010,27650.0,On Premises,Oregon
PA,2010,26916.15,On Premises,Pennsylvania
RI,2010,788.29,On Premises,Rhode Island
SC,2010,3091.5600000000004,On Premises,South Carolina
SD,2010,1186.62,On Premises,South Dakota
TN,2010,13633.63,On Premises,Tennessee
TX,2010,10556.49,On Premises,Texas
UT,2010,5226.6,On Premises,Utah
VA,2010,12732.37,On Premises,Virginia
VT,2010,3661.94,On Premises,Vermont
WA,2010,19965.32,On Premises,Washington
WI,2010,16669.97,On Premises,Wisconsin
WV,2010,7.16,On Premises,West Virginia
WY,2010,2681.61,On Premises,Wyoming
AK,2010,80889.21,Bottles and Cans,Alaska
AL,2010,1165834.9758888278,Bottles and Cans,Alabama
AR,2010,1445.82,Bottles and Cans,Arkansas
AZ,2010,10380.26,Bottles and Cans,Arizona
CA,2010,19095643.27,Bottles and Cans,California
CO,2010,18742266.67,Bottles and Cans,Colorado
CT,2010,4822.66,Bottles and Cans,Connecticut
DC,2010,184.8,Bottles and Cans,District of Columbia
DE,2010,89753.27,Bottles and Cans,Delaware
FL,2010,9232548.52,Bottles and Cans,Florida
GA,2010,14321565.18,Bottles and Cans,Georgia
HI,2010,7518.77,Bottles and Cans,Hawaii
IA,2010,3817.78,Bottles and Cans,Iowa
ID,2010,6143.5,Bottles and Cans,Idaho
IL,2010,935134.49,Bottles and Cans,Illinois
IN,2010,13724.96,Bottles and Cans,Indiana
KS,2010,4887.37,Bottles and Cans,Kansas
KY,2010,68413.44,Bottles and Cans,Kentucky
LA,2010,71390.8,Bottles and Cans,Louisiana
MA,2010,72352.47,Bottles and Cans,Massachusetts
MD,2010,63027.57,Bottles and Cans,Maryland
ME,2010,88631.9,Bottles and Cans,Maine
MI,2010,129159.89,Bottles and Cans,Michigan
MN,2010,212445.88,Bottles and Cans,Minnesota
MO,2010,12455434.53,Bottles and Cans,Missouri
MS,2010,5188.87,Bottles and Cans,Mississippi
MT,2010,42673.97,Bottles and Cans,Montana
NC,2010,6943748.84,Bottles and Cans,North Carolina
ND,2010,1165834.9758888278,Bottles and Cans,North Dakota
NE,2010,4950.25,Bottles and Cans,Nebraska
NH,2010,2885016.06,Bottles and Cans,New Hampshire
NJ,2010,6920666.14,Bottles and Cans,New Jersey
NM,2010,9364.7,Bottles and Cans,New Mexico
NV,2010,939.85,Bottles and Cans,Nevada
NY,2010,6376824.8,Bottles and Cans,New York
OH,2010,18272288.93,Bottles and Cans,Ohio
OK,2010,2937.63,Bottles and Cans,Oklahoma
OR,2010,659065.27,Bottles and Cans,Oregon
PA,2010,2685440.45,Bottles and Cans,Pennsylvania
RI,2010,1613.0,Bottles and Cans,Rhode Island
SC,2010,6346.93,Bottles and Cans,South Carolina
SD,2010,97.6,Bottles and Cans,South Dakota
TN,2010,112.1,Bottles and Cans,Tennessee
TX,2010,18985409.81,Bottles and Cans,Texas
UT,2010,28681.77,Bottles and Cans,Utah
VA,2010,12809681.79,Bottles and Cans,Virginia
VT,2010,248184.49,Bottles and Cans,Vermont
WA,2010,128996.61,Bottles and Cans,Washington
WI,2010,10240080.7,Bottles and Cans,Wisconsin
WV,2010,569.55,Bottles and Cans,West Virginia
WY,2010,1649.54,Bottles and Cans,Wyoming
AK,2010,54395.32,Kegs and Barrels,Alaska
AL,2010,547.69,Kegs and Barrels,Alabama
AR,2010,1318.17,Kegs and Barrels,Arkansas
AZ,2010,24410.52,Kegs and Barrels,Arizona
CA,2010,2198550.1,Kegs and Barrels,California
CO,2010,2279812.02,Kegs and Barrels,Colorado
CT,2010,6823.23,Kegs and Barrels,Connecticut
DC,2010,1165834.9758888278,Kegs and Barrels,District of Columbia
DE,2010,48117.54,Kegs and Barrels,Delaware
FL,2010,1247064.73,Kegs and Barrels,Florida
GA,2010,518567.58,Kegs and Barrels,Georgia
HI,2010,15488.55,Kegs and Barrels,Hawaii
IA,2010,3780.36,Kegs and Barrels,Iowa
ID,2010,6834.92,Kegs and Barrels,Idaho
IL,2010,63152.26,Kegs and Barrels,Illinois
IN,2010,23055.64,Kegs and Barrels,Indiana
KS,2010,3107.42,Kegs and Barrels,Kansas
KY,2010,8190.89,Kegs and Barrels,Kentucky
LA,2010,43767.95,Kegs and Barrels,Louisiana
MA,2010,98121.54,Kegs and Barrels,Massachusetts
MD,2010,29123.06,Kegs and Barrels,Maryland
ME,2010,58015.64,Kegs and Barrels,Maine
MI,2010,118799.27,Kegs and Barrels,Michigan
MN,2010,79534.59,Kegs and Barrels,Minnesota
MO,2010,1183200.36,Kegs and Barrels,Missouri
MS,2010,5258.34,Kegs and Barrels,Mississippi
MT,2010,41261.22,Kegs and Barrels,Montana
NC,2010,903892.92,Kegs and Barrels,North Carolina
ND,2010,1165834.9758888278,Kegs and Barrels,North Dakota
NE,2010,5688.77,Kegs and Barrels,Nebraska
NH,2010,341517.58,Kegs and Barrels,New Hampshire
NJ,2010,544599.19,Kegs and Barrels,New Jersey
NM,2010,7838.24,Kegs and Barrels,New Mexico
NV,2010,14741.33,Kegs and Barrels,Nevada
NY,2010,583310.58,Kegs and Barrels,New York
OH,2010,2033529.73,Kegs and Barrels,Ohio
OK,2010,3395.64,Kegs and Barrels,Oklahoma
OR,2010,341505.24,Kegs and Barrels,Oregon
PA,2010,998172.5,Kegs and Barrels,Pennsylvania
RI,2010,3236.99,Kegs and Barrels,Rhode Island
SC,2010,7558.6,Kegs and Barrels,South Carolina
SD,2010,586.0,Kegs and Barrels,South Dakota
TN,2010,12988.82,Kegs and Barrels,Tennessee
TX,2010,1143881.77,Kegs and Barrels,Texas
UT,2010,29194.74,Kegs and Barrels,Utah
VA,2010,1152090.46,Kegs and Barrels,Virginia
VT,2010,105473.36,Kegs and Barrels,Vermont
WA,2010,195436.87,Kegs and Barrels,Washington
WI,2010,1130525.73,Kegs and Barrels,Wisconsin
WV,2010,2582.42,Kegs and Barrels,West Virginia
WY,2010,3852.33,Kegs and Barrels,Wyoming
AK,2011,2251.02,On Premises,Alaska
AL,2011,0.0,On Premises,Alabama
AR,2011,1124.98,On Premises,Arkansas
AZ,2011,19897.83,On Premises,Arizona
CA,2011,65069.7,On Premises,California
CO,2011,60811.37,On Premises,Colorado
CT,2011,2530.8,On Premises,Connecticut
DC,2011,1676.54,On Premises,District of Columbia
DE,2011,2541.38,On Premises,Delaware
FL,2011,6761.68,On Premises,Florida
GA,2011,4248.35,On Premises,Georgia
HI,2011,1886.65,On Premises,Hawaii
IA,2011,6808.030000000001,On Premises,Iowa
ID,2011,5305.86,On Premises,Idaho
IL,2011,22028.03,On Premises,Illinois
IN,2011,11063.82,On Premises,Indiana
KS,2011,8113.96,On Premises,Kansas
KY,2011,4597.34,On Premises,Kentucky
LA,2011,1535.77,On Premises,Louisiana
MA,2011,10142.24,On Premises,Massachusetts
MD,2011,7559.490000000001,On Premises,Maryland
ME,2011,6717.4400000000005,On Premises,Maine
MI,2011,23766.64,On Premises,Michigan
MN,2011,9205.09,On Premises,Minnesota
MO,2011,14315.990000000002,On Premises,Missouri
MS,2011,3.23,On Premises,Mississippi
MT,2011,3806.3,On Premises,Montana
NC,2011,20768.59,On Premises,North Carolina
ND,2011,772.39,On Premises,North Dakota
NE,2011,6111.780000000001,On Premises,Nebraska
NH,2011,5912.51,On Premises,New Hampshire
NJ,2011,5500.47,On Premises,New Jersey
NM,2011,13349.8,On Premises,New Mexico
NV,2011,15819.59,On Premises,Nevada
NY,2011,14572.0,On Premises,New York
OH,2011,9229.08,On Premises,Ohio
OK,2011,2354.06,On Premises,Oklahoma
OR,2011,32250.56,On Premises,Oregon
PA,2011,32025.24,On Premises,Pennsylvania
RI,2011,901.31,On Premises,Rhode Island
SC,2011,3037.92,On Premises,South Carolina
SD,2011,824.63,On Premises,South Dakota
TN,2011,9702.23,On Premises,Tennessee
TX,2011,10299.17,On Premises,Texas
UT,2011,5238.62,On Premises,Utah
VA,2011,12098.41,On Premises,Virginia
VT,2011,3263.23,On Premises,Vermont
WA,2011,18205.29,On Premises,Washington
WI,2011,19882.13,On Premises,Wisconsin
WV,2011,0.0,On Premises,West Virginia
WY,2011,3178.55,On Premises,Wyoming
AK,2011,94781.57,Bottles and Cans,Alaska
AL,2011,658.96,Bottles and Cans,Alabama
AR,2011,1382.06,Bottles and Cans,Arkansas
AZ,2011,14057.56,Bottles and Cans,Arizona
CA,2011,18204514.85,Bottles and Cans,California
CO,2011,18820319.55,Bottles and Cans,Colorado
CT,2011,5578.56,Bottles and Cans,Connecticut
DC,2011,332.23,Bottles and Cans,District of Columbia
DE,2011,109745.27,Bottles and Cans,Delaware
FL,2011,9380672.31,Bottles and Cans,Florida
GA,2011,14700163.67,Bottles and Cans,Georgia
HI,2011,12683.85,Bottles and Cans,Hawaii
IA,2011,4178.1,Bottles and Cans,Iowa
ID,2011,6407.47,Bottles and Cans,Idaho
IL,2011,911312.4,Bottles and Cans,Illinois
IN,2011,19393.24,Bottles and Cans,Indiana
KS,2011,9179.79,Bottles and Cans,Kansas
KY,2011,58747.18,Bottles and Cans,Kentucky
LA,2011,81163.65,Bottles and Cans,Louisiana
MA,2011,91092.86,Bottles and Cans,Massachusetts
MD,2011,74120.55,Bottles and Cans,Maryland
ME,2011,114906.5,Bottles and Cans,Maine
MI,2011,198151.04,Bottles and Cans,Michigan
MN,2011,259668.58,Bottles and Cans,Minnesota
MO,2011,12278066.32,Bottles and Cans,Missouri
MS,2011,6646.41,Bottles and Cans,Mississippi
MT,2011,50457.49,Bottles and Cans,Montana
NC,2011,6600785.11,Bottles and Cans,North Carolina
ND,2011,1165834.9758888278,Bottles and Cans,North Dakota
NE,2011,5885.5,Bottles and Cans,Nebraska
NH,2011,2734941.12,Bottles and Cans,New Hampshire
NJ,2011,5908969.19,Bottles and Cans,New Jersey
NM,2011,14169.83,Bottles and Cans,New Mexico
NV,2011,1790.02,Bottles and Cans,Nevada
NY,2011,5779655.18,Bottles and Cans,New York
OH,2011,18312552.08,Bottles and Cans,Ohio
OK,2011,3593.6,Bottles and Cans,Oklahoma
OR,2011,772698.31,Bottles and Cans,Oregon
PA,2011,3128166.8,Bottles and Cans,Pennsylvania
RI,2011,1692.0,Bottles and Cans,Rhode Island
SC,2011,10771.16,Bottles and Cans,South Carolina
SD,2011,424.14,Bottles and Cans,South Dakota
TN,2011,1051.89,Bottles and Cans,Tennessee
TX,2011,18934858.19,Bottles and Cans,Texas
UT,2011,40477.43,Bottles and Cans,Utah
VA,2011,12531661.75,Bottles and Cans,Virginia
VT,2011,289840.71,Bottles and Cans,Vermont
WA,2011,121471.16,Bottles and Cans,Washington
WI,2011,9002320.57,Bottles and Cans,Wisconsin
WV,2011,120.33,Bottles and Cans,West Virginia
WY,2011,1916.37,Bottles and Cans,Wyoming
AK,2011,58519.66,Kegs and Barrels,Alaska
AL,2011,1810.06,Kegs and Barrels,Alabama
AR,2011,1144.17,Kegs and Barrels,Arkansas
AZ,2011,32848.92,Kegs and Barrels,Arizona
CA,2011,2166028.35,Kegs and Barrels,California
CO,2011,2277201.65,Kegs and Barrels,Colorado
CT,2011,8033.77,Kegs and Barrels,Connecticut
DC,2011,1366.16,Kegs and Barrels,District of Columbia
DE,2011,57886.92,Kegs and Barrels,Delaware
FL,2011,1287687.46,Kegs and Barrels,Florida
GA,2011,482677.65,Kegs and Barrels,Georgia
HI,2011,19606.37,Kegs and Barrels,Hawaii
IA,2011,6320.58,Kegs and Barrels,Iowa
ID,2011,7749.54,Kegs and Barrels,Idaho
IL,2011,64148.06,Kegs and Barrels,Illinois
IN,2011,36461.47,Kegs and Barrels,Indiana
KS,2011,5670.63,Kegs and Barrels,Kansas
KY,2011,9276.72,Kegs and Barrels,Kentucky
LA,2011,53422.01,Kegs and Barrels,Louisiana
MA,2011,119862.81,Kegs and Barrels,Massachusetts
MD,2011,38254.66,Kegs and Barrels,Maryland
ME,2011,77600.43,Kegs and Barrels,Maine
MI,2011,148703.06,Kegs and Barrels,Michigan
MN,2011,101033.14,Kegs and Barrels,Minnesota
MO,2011,1119507.94,Kegs and Barrels,Missouri
MS,2011,6867.94,Kegs and Barrels,Mississippi
MT,2011,46957.49,Kegs and Barrels,Montana
NC,2011,1010647.87,Kegs and Barrels,North Carolina
ND,2011,1165834.9758888278,Kegs and Barrels,North Dakota
NE,2011,7000.95,Kegs and Barrels,Nebraska
NH,2011,364000.89,Kegs and Barrels,New Hampshire
NJ,2011,559276.11,Kegs and Barrels,New Jersey
NM,2011,10594.14,Kegs and Barrels,New Mexico
NV,2011,7871.97,Kegs and Barrels,Nevada
NY,2011,604493.47,Kegs and Barrels,New York
OH,2011,1886886.8,Kegs and Barrels,Ohio
OK,2011,4025.32,Kegs and Barrels,Oklahoma
OR,2011,357821.43,Kegs and Barrels,Oregon
PA,2011,1081543.3,Kegs and Barrels,Pennsylvania
RI,2011,3371.0,Kegs and Barrels,Rhode Island
SC,2011,11769.84,Kegs and Barrels,South Carolina
SD,2011,1237.88,Kegs and Barrels,South Dakota
TN,2011,17597.04,Kegs and Barrels,Tennessee
TX,2011,1152638.24,Kegs and Barrels,Texas
UT,2011,34548.18,Kegs and Barrels,Utah
VA,2011,1165692.37,Kegs and Barrels,Virginia
VT,2011,91368.48,Kegs and Barrels,Vermont
WA,2011,218671.75,Kegs and Barrels,Washington
WI,2011,981225.81,Kegs and Barrels,Wisconsin
WV,2011,3264.98,Kegs and Barrels,West Virginia
WY,2011,5055.71,Kegs and Barrels,Wyoming
AK,2012,2312.43,On Premises,Alaska
AL,2012,46.5,On Premises,Alabama
AR,2012,1265.9299999999998,On Premises,Arkansas
AZ,2012,19165.96,On Premises,Arizona
CA,2012,64239.95,On Premises,California
CO,2012,57966.73,On Premises,Colorado
CT,2012,1876.05,On Premises,Connecticut
DC,2012,1572.75,On Premises,District of Columbia
DE,2012,2718.28,On Premises,Delaware
FL,2012,6817.799999999999,On Premises,Florida
GA,2012,3480.3,On Premises,Georgia
HI,2012,2084.01,On Premises,Hawaii
IA,2012,6515.51,On Premises,Iowa
ID,2012,5376.69,On Premises,Idaho
IL,2012,23229.73,On Premises,Illinois
IN,2012,13120.19,On Premises,Indiana
KS,2012,7821.78,On Premises,Kansas
KY,2012,4949.539999999999,On Premises,Kentucky
LA,2012,1606.1,On Premises,Louisiana
MA,2012,10298.65,On Premises,Massachusetts
MD,2012,6958.280000000001,On Premises,Maryland
ME,2012,7404.9,On Premises,Maine
MI,2012,25243.93,On Premises,Michigan
MN,2012,11376.94,On Premises,Minnesota
MO,2012,14047.28,On Premises,Missouri
MS,2012,40.12,On Premises,Mississippi
MT,2012,4375.87,On Premises,Montana
NC,2012,17604.53,On Premises,North Carolina
ND,2012,817.7,On Premises,North Dakota
NE,2012,5596.83,On Premises,Nebraska
NH,2012,6262.36,On Premises,New Hampshire
NJ,2012,5385.1,On Premises,New Jersey
NM,2012,13875.29,On Premises,New Mexico
NV,2012,15331.77,On Premises,Nevada
NY,2012,18110.04,On Premises,New York
OH,2012,11293.61,On Premises,Ohio
OK,2012,2198.78,On Premises,Oklahoma
OR,2012,34755.42,On Premises,Oregon
PA,2012,33773.09,On Premises,Pennsylvania
RI,2012,716.47,On Premises,Rhode Island
SC,2012,2904.66,On Premises,South Carolina
SD,2012,773.45,On Premises,South Dakota
TN,2012,10103.13,On Premises,Tennessee
TX,2012,8503.31,On Premises,Texas
UT,2012,4595.18,On Premises,Utah
VA,2012,10414.51,On Premises,Virginia
VT,2012,2216.5,On Premises,Vermont
WA,2012,17362.29,On Premises,Washington
WI,2012,18853.61,On Premises,Wisconsin
WV,2012,14.85,On Premises,West Virginia
WY,2012,3528.21,On Premises,Wyoming
AK,2012,105416.32,Bottles and Cans,Alaska
AL,2012,2485.79,Bottles and Cans,Alabama
AR,2012,8.0,Bottles and Cans,Arkansas
AZ,2012,18411.25,Bottles and Cans,Arizona
CA,2012,18940276.02,Bottles and Cans,California
CO,2012,19267902.29,Bottles and Cans,Colorado
CT,2012,6372.31,Bottles and Cans,Connecticut
DC,2012,1727.77,Bottles and Cans,District of Columbia
DE,2012,129493.68,Bottles and Cans,Delaware
FL,2012,9738023.02,Bottles and Cans,Florida
GA,2012,15000803.63,Bottles and Cans,Georgia
HI,2012,13350.64,Bottles and Cans,Hawaii
IA,2012,4309.38,Bottles and Cans,Iowa
ID,2012,9112.66,Bottles and Cans,Idaho
IL,2012,786867.4,Bottles and Cans,Illinois
IN,2012,32664.02,Bottles and Cans,Indiana
KS,2012,9537.42,Bottles and Cans,Kansas
KY,2012,70540.28,Bottles and Cans,Kentucky
LA,2012,98359.97,Bottles and Cans,Louisiana
MA,2012,107665.45,Bottles and Cans,Massachusetts
MD,2012,75360.92,Bottles and Cans,Maryland
ME,2012,124123.97,Bottles and Cans,Maine
MI,2012,284832.91,Bottles and Cans,Michigan
MN,2012,232657.19,Bottles and Cans,Minnesota
MO,2012,12808818.03,Bottles and Cans,Missouri
MS,2012,8051.63,Bottles and Cans,Mississippi
MT,2012,53243.54,Bottles and Cans,Montana
NC,2012,6735801.22,Bottles and Cans,North Carolina
ND,2012,1165834.9758888278,Bottles and Cans,North Dakota
NE,2012,6780.45,Bottles and Cans,Nebraska
NH,2012,2927305.84,Bottles and Cans,New Hampshire
NJ,2012,4572952.86,Bottles and Cans,New Jersey
NM,2012,17164.28,Bottles and Cans,New Mexico
NV,2012,3647.33,Bottles and Cans,Nevada
NY,2012,6832275.59,Bottles and Cans,New York
OH,2012,17318045.77,Bottles and Cans,Ohio
OK,2012,3706.66,Bottles and Cans,Oklahoma
OR,2012,848065.57,Bottles and Cans,Oregon
PA,2012,3411033.49,Bottles and Cans,Pennsylvania
RI,2012,2021.32,Bottles and Cans,Rhode Island
SC,2012,12903.66,Bottles and Cans,South Carolina
SD,2012,619.7,Bottles and Cans,South Dakota
TN,2012,380277.0,Bottles and Cans,Tennessee
TX,2012,17941441.31,Bottles and Cans,Texas
UT,2012,62120.44,Bottles and Cans,Utah
VA,2012,13408374.35,Bottles and Cans,Virginia
VT,2012,273965.87,Bottles and Cans,Vermont
WA,2012,116944.26,Bottles and Cans,Washington
WI,2012,8884190.43,Bottles and Cans,Wisconsin
WV,2012,23.18,Bottles and Cans,West Virginia
WY,2012,2580.15,Bottles and Cans,Wyoming
AK,2012,65679.13,Kegs and Barrels,Alaska
AL,2012,6453.45,Kegs and Barrels,Alabama
AR,2012,125.94,Kegs and Barrels,Arkansas
AZ,2012,44792.72,Kegs and Barrels,Arizona
CA,2012,2272768.96,Kegs and Barrels,California
CO,2012,2290799.82,Kegs and Barrels,Colorado
CT,2012,6849.69,Kegs and Barrels,Connecticut
DC,2012,4257.53,Kegs and Barrels,District of Columbia
DE,2012,65524.44,Kegs and Barrels,Delaware
FL,2012,1289450.36,Kegs and Barrels,Florida
GA,2012,480930.15,Kegs and Barrels,Georgia
HI,2012,19391.33,Kegs and Barrels,Hawaii
IA,2012,8572.43,Kegs and Barrels,Iowa
ID,2012,11316.83,Kegs and Barrels,Idaho
IL,2012,60573.7,Kegs and Barrels,Illinois
IN,2012,48867.09,Kegs and Barrels,Indiana
KS,2012,4768.33,Kegs and Barrels,Kansas
KY,2012,11795.65,Kegs and Barrels,Kentucky
LA,2012,56196.18,Kegs and Barrels,Louisiana
MA,2012,131474.98,Kegs and Barrels,Massachusetts
MD,2012,46213.33,Kegs and Barrels,Maryland
ME,2012,97285.94,Kegs and Barrels,Maine
MI,2012,185386.44,Kegs and Barrels,Michigan
MN,2012,115956.35,Kegs and Barrels,Minnesota
MO,2012,1019244.02,Kegs and Barrels,Missouri
MS,2012,6481.96,Kegs and Barrels,Mississippi
MT,2012,50865.95,Kegs and Barrels,Montana
NC,2012,1054976.57,Kegs and Barrels,North Carolina
ND,2012,1165834.9758888278,Kegs and Barrels,North Dakota
NE,2012,7244.52,Kegs and Barrels,Nebraska
NH,2012,365463.83,Kegs and Barrels,New Hampshire
NJ,2012,502680.99,Kegs and Barrels,New Jersey
NM,2012,12803.35,Kegs and Barrels,New Mexico
NV,2012,4993.73,Kegs and Barrels,Nevada
NY,2012,668632.48,Kegs and Barrels,New York
OH,2012,1790342.28,Kegs and Barrels,Ohio
OK,2012,4826.95,Kegs and Barrels,Oklahoma
OR,2012,375659.57,Kegs and Barrels,Oregon
PA,2012,1168462.04,Kegs and Barrels,Pennsylvania
RI,2012,4104.34,Kegs and Barrels,Rhode Island
SC,2012,15831.87,Kegs and Barrels,South Carolina
SD,2012,1521.5,Kegs and Barrels,South Dakota
TN,2012,28387.58,Kegs and Barrels,Tennessee
TX,2012,1144585.8,Kegs and Barrels,Texas
UT,2012,43143.32,Kegs and Barrels,Utah
VA,2012,1175467.01,Kegs and Barrels,Virginia
VT,2012,98154.92,Kegs and Barrels,Vermont
WA,2012,240103.86,Kegs and Barrels,Washington
WI,2012,1038914.37,Kegs and Barrels,Wisconsin
WV,2012,3701.81,Kegs and Barrels,West Virginia
WY,2012,5752.17,Kegs and Barrels,Wyoming
AK,2013,2155.6,On Premises,Alaska
AL,2013,130.55,On Premises,Alabama
AR,2013,558.14,On Premises,Arkansas
AZ,2013,18763.52,On Premises,Arizona
CA,2013,60559.56,On Premises,California
CO,2013,60133.43,On Premises,Colorado
CT,2013,1770.05,On Premises,Connecticut
DC,2013,2250.9,On Premises,District of Columbia
DE,2013,2868.28,On Premises,Delaware
FL,2013,6440.29,On Premises,Florida
GA,2013,4647.37,On Premises,Georgia
HI,2013,1972.63,On Premises,Hawaii
IA,2013,6003.1900000000005,On Premises,Iowa
ID,2013,4675.48,On Premises,Idaho
IL,2013,26271.03,On Premises,Illinois
IN,2013,13119.35,On Premises,Indiana
KS,2013,7415.82,On Premises,Kansas
KY,2013,6460.08,On Premises,Kentucky
LA,2013,1723.51,On Premises,Louisiana
MA,2013,12570.98,On Premises,Massachusetts
MD,2013,7771.25,On Premises,Maryland
ME,2013,7960.51,On Premises,Maine
MI,2013,28431.97,On Premises,Michigan
MN,2013,11984.66,On Premises,Minnesota
MO,2013,12949.37,On Premises,Missouri
MS,2013,0.0,On Premises,Mississippi
MT,2013,4373.97,On Premises,Montana
NC,2013,21871.66,On Premises,North Carolina
ND,2013,1374.55,On Premises,North Dakota
NE,2013,6392.8,On Premises,Nebraska
NH,2013,6077.87,On Premises,New Hampshire
NJ,2013,5535.97,On Premises,New Jersey
NM,2013,13652.7,On Premises,New Mexico
NV,2013,14612.820000000002,On Premises,Nevada
NY,2013,24800.93,On Premises,New York
OH,2013,11632.86,On Premises,Ohio
OK,2013,2381.4700000000003,On Premises,Oklahoma
OR,2013,37006.39,On Premises,Oregon
PA,2013,31943.35,On Premises,Pennsylvania
RI,2013,830.8,On Premises,Rhode Island
SC,2013,2711.72,On Premises,South Carolina
SD,2013,909.14,On Premises,South Dakota
TN,2013,9965.75,On Premises,Tennessee
TX,2013,9242.6,On Premises,Texas
UT,2013,3953.1,On Premises,Utah
VA,2013,12450.88,On Premises,Virginia
VT,2013,2563.8500000000004,On Premises,Vermont
WA,2013,17770.870000000003,On Premises,Washington
WI,2013,19250.29,On Premises,Wisconsin
WV,2013,422.15,On Premises,West Virginia
WY,2013,3544.63,On Premises,Wyoming
AK,2013,112008.59,Bottles and Cans,Alaska
AL,2013,6634.43,Bottles and Cans,Alabama
AR,2013,8.0,Bottles and Cans,Arkansas
AZ,2013,22318.65,Bottles and Cans,Arizona
CA,2013,17838853.36,Bottles and Cans,California
CO,2013,18549122.13,Bottles and Cans,Colorado
CT,2013,21549.9,Bottles and Cans,Connecticut
DC,2013,3546.13,Bottles and Cans,District of Columbia
DE,2013,148156.85,Bottles and Cans,Delaware
FL,2013,9521482.11,Bottles and Cans,Florida
GA,2013,14681673.2,Bottles and Cans,Georgia
HI,2013,13208.44,Bottles and Cans,Hawaii
IA,2013,5519.98,Bottles and Cans,Iowa
ID,2013,11093.1,Bottles and Cans,Idaho
IL,2013,944038.45,Bottles and Cans,Illinois
IN,2013,37750.09,Bottles and Cans,Indiana
KS,2013,11226.9,Bottles and Cans,Kansas
KY,2013,78440.18,Bottles and Cans,Kentucky
LA,2013,101715.41,Bottles and Cans,Louisiana
MA,2013,127282.86,Bottles and Cans,Massachusetts
MD,2013,89731.45,Bottles and Cans,Maryland
ME,2013,122877.92,Bottles and Cans,Maine
MI,2013,272746.16,Bottles and Cans,Michigan
MN,2013,253317.42,Bottles and Cans,Minnesota
MO,2013,12586027.39,Bottles and Cans,Missouri
MS,2013,10044.08,Bottles and Cans,Mississippi
MT,2013,56224.96,Bottles and Cans,Montana
NC,2013,6515751.81,Bottles and Cans,North Carolina
ND,2013,133.11,Bottles and Cans,North Dakota
NE,2013,2073.18,Bottles and Cans,Nebraska
NH,2013,2854790.85,Bottles and Cans,New Hampshire
NJ,2013,4264380.69,Bottles and Cans,New Jersey
NM,2013,18327.17,Bottles and Cans,New Mexico
NV,2013,4561.27,Bottles and Cans,Nevada
NY,2013,7166945.25,Bottles and Cans,New York
OH,2013,16646929.63,Bottles and Cans,Ohio
OK,2013,3141.24,Bottles and Cans,Oklahoma
OR,2013,937521.77,Bottles and Cans,Oregon
PA,2013,4005887.4,Bottles and Cans,Pennsylvania
RI,2013,4181.58,Bottles and Cans,Rhode Island
SC,2013,17725.52,Bottles and Cans,South Carolina
SD,2013,785.06,Bottles and Cans,South Dakota
TN,2013,560336.92,Bottles and Cans,Tennessee
TX,2013,18373013.26,Bottles and Cans,Texas
UT,2013,80300.79,Bottles and Cans,Utah
VA,2013,12891463.92,Bottles and Cans,Virginia
VT,2013,271560.29,Bottles and Cans,Vermont
WA,2013,125917.12,Bottles and Cans,Washington
WI,2013,9038409.69,Bottles and Cans,Wisconsin
WV,2013,87.86,Bottles and Cans,West Virginia
WY,2013,2755.25,Bottles and Cans,Wyoming
AK,2013,68867.58,Kegs and Barrels,Alaska
AL,2013,11747.74,Kegs and Barrels,Alabama
AR,2013,1078.21,Kegs and Barrels,Arkansas
AZ,2013,59074.04,Kegs and Barrels,Arizona
CA,2013,2388676.84,Kegs and Barrels,California
CO,2013,2177094.68,Kegs and Barrels,Colorado
CT,2013,20486.04,Kegs and Barrels,Connecticut
DC,2013,5934.43,Kegs and Barrels,District of Columbia
DE,2013,75629.27,Kegs and Barrels,Delaware
FL,2013,1260567.42,Kegs and Barrels,Florida
GA,2013,545302.04,Kegs and Barrels,Georgia
HI,2013,18107.58,Kegs and Barrels,Hawaii
IA,2013,13243.72,Kegs and Barrels,Iowa
ID,2013,15294.81,Kegs and Barrels,Idaho
IL,2013,68420.11,Kegs and Barrels,Illinois
IN,2013,61510.42,Kegs and Barrels,Indiana
KS,2013,6125.65,Kegs and Barrels,Kansas
KY,2013,19416.85,Kegs and Barrels,Kentucky
LA,2013,62679.68,Kegs and Barrels,Louisiana
MA,2013,126580.1,Kegs and Barrels,Massachusetts
MD,2013,52907.04,Kegs and Barrels,Maryland
ME,2013,110683.11,Kegs and Barrels,Maine
MI,2013,227414.7,Kegs and Barrels,Michigan
MN,2013,133102.69,Kegs and Barrels,Minnesota
MO,2013,942359.26,Kegs and Barrels,Missouri
MS,2013,6907.14,Kegs and Barrels,Mississippi
MT,2013,54321.28,Kegs and Barrels,Montana
NC,2013,988300.04,Kegs and Barrels,North Carolina
ND,2013,590.57,Kegs and Barrels,North Dakota
NE,2013,3840.44,Kegs and Barrels,Nebraska
NH,2013,381402.55,Kegs and Barrels,New Hampshire
NJ,2013,443199.05,Kegs and Barrels,New Jersey
NM,2013,15093.44,Kegs and Barrels,New Mexico
NV,2013,5702.72,Kegs and Barrels,Nevada
NY,2013,674239.5,Kegs and Barrels,New York
OH,2013,1726077.24,Kegs and Barrels,Ohio
OK,2013,4840.77,Kegs and Barrels,Oklahoma
OR,2013,415935.76,Kegs and Barrels,Oregon
PA,2013,1172679.83,Kegs and Barrels,Pennsylvania
RI,2013,5174.14,Kegs and Barrels,Rhode Island
SC,2013,18103.48,Kegs and Barrels,South Carolina
SD,2013,1753.5,Kegs and Barrels,South Dakota
TN,2013,31767.12,Kegs and Barrels,Tennessee
TX,2013,1038542.78,Kegs and Barrels,Texas
UT,2013,45937.83,Kegs and Barrels,Utah
VA,2013,1134449.57,Kegs and Barrels,Virginia
VT,2013,98852.28,Kegs and Barrels,Vermont
WA,2013,274558.65,Kegs and Barrels,Washington
WI,2013,1071651.35,Kegs and Barrels,Wisconsin
WV,2013,4525.59,Kegs and Barrels,West Virginia
WY,2013,7216.88,Kegs and Barrels,Wyoming
AK,2014,2114.9700000000003,On Premises,Alaska
AL,2014,226.25,On Premises,Alabama
AR,2014,657.12,On Premises,Arkansas
AZ,2014,17173.0,On Premises,Arizona
CA,2014,65035.4,On Premises,California
CO,2014,72839.26,On Premises,Colorado
CT,2014,1447.6,On Premises,Connecticut
DC,2014,4504.299999999999,On Premises,District of Columbia
DE,2014,2771.7,On Premises,Delaware
FL,2014,6585.280000000001,On Premises,Florida
GA,2014,4432.32,On Premises,Georgia
HI,2014,1380.6,On Premises,Hawaii
IA,2014,5676.54,On Premises,Iowa
ID,2014,4573.66,On Premises,Idaho
IL,2014,91311.09,On Premises,Illinois
IN,2014,16356.6,On Premises,Indiana
KS,2014,7461.26,On Premises,Kansas
KY,2014,6234.52,On Premises,Kentucky
LA,2014,1579.1,On Premises,Louisiana
MA,2014,10352.16,On Premises,Massachusetts
MD,2014,7534.65,On Premises,Maryland
ME,2014,7501.97,On Premises,Maine
MI,2014,31218.34,On Premises,Michigan
MN,2014,12425.12,On Premises,Minnesota
MO,2014,13379.38,On Premises,Missouri
MS,2014,0.0,On Premises,Mississippi
MT,2014,5997.94,On Premises,Montana
NC,2014,19005.47,On Premises,North Carolina
ND,2014,1346.63,On Premises,North Dakota
NE,2014,3651.12,On Premises,Nebraska
NH,2014,6006.92,On Premises,New Hampshire
NJ,2014,5907.92,On Premises,New Jersey
NM,2014,13396.75,On Premises,New Mexico
NV,2014,16234.04,On Premises,Nevada
NY,2014,38325.34,On Premises,New York
OH,2014,12905.42,On Premises,Ohio
OK,2014,2459.74,On Premises,Oklahoma
OR,2014,33472.7,On Premises,Oregon
PA,2014,30228.3,On Premises,Pennsylvania
RI,2014,987.13,On Premises,Rhode Island
SC,2014,3131.64,On Premises,South Carolina
SD,2014,1336.27,On Premises,South Dakota
TN,2014,9220.38,On Premises,Tennessee
TX,2014,9471.81,On Premises,Texas
UT,2014,5875.719999999999,On Premises,Utah
VA,2014,12352.47,On Premises,Virginia
VT,2014,2692.34,On Premises,Vermont
WA,2014,18066.36,On Premises,Washington
WI,2014,17885.54,On Premises,Wisconsin
WV,2014,420.5,On Premises,West Virginia
WY,2014,3133.63,On Premises,Wyoming
AK,2014,129181.74,Bottles and Cans,Alaska
AL,2014,9521.26,Bottles and Cans,Alabama
AR,2014,800.09,Bottles and Cans,Arkansas
AZ,2014,29645.05,Bottles and Cans,Arizona
CA,2014,18052809.23,Bottles and Cans,California
CO,2014,18035909.8,Bottles and Cans,Colorado
CT,2014,50874.7,Bottles and Cans,Connecticut
DC,2014,4265.73,Bottles and Cans,District of Columbia
DE,2014,167806.22,Bottles and Cans,Delaware
FL,2014,9439058.04,Bottles and Cans,Florida
GA,2014,13929282.27,Bottles and Cans,Georgia
HI,2014,13039.35,Bottles and Cans,Hawaii
IA,2014,8090.96,Bottles and Cans,Iowa
ID,2014,14718.98,Bottles and Cans,Idaho
IL,2014,946826.09,Bottles and Cans,Illinois
IN,2014,48204.65,Bottles and Cans,Indiana
KS,2014,15852.43,Bottles and Cans,Kansas
KY,2014,86161.38,Bottles and Cans,Kentucky
LA,2014,109386.36,Bottles and Cans,Louisiana
MA,2014,133223.43,Bottles and Cans,Massachusetts
MD,2014,104085.75,Bottles and Cans,Maryland
ME,2014,132025.53,Bottles and Cans,Maine
MI,2014,419973.01,Bottles and Cans,Michigan
MN,2014,285724.01,Bottles and Cans,Minnesota
MO,2014,12366680.51,Bottles and Cans,Missouri
MS,2014,13409.98,Bottles and Cans,Mississippi
MT,2014,64538.3,Bottles and Cans,Montana
NC,2014,6311112.23,Bottles and Cans,North Carolina
ND,2014,1363.95,Bottles and Cans,North Dakota
NE,2014,12738.17,Bottles and Cans,Nebraska
NH,2014,2745595.26,Bottles and Cans,New Hampshire
NJ,2014,4316395.59,Bottles and Cans,New Jersey
NM,2014,26140.3,Bottles and Cans,New Mexico
NV,2014,6322.08,Bottles and Cans,Nevada
NY,2014,6749799.4,Bottles and Cans,New York
OH,2014,17044931.31,Bottles and Cans,Ohio
OK,2014,5620.53,Bottles and Cans,Oklahoma
OR,2014,1036589.35,Bottles and Cans,Oregon
PA,2014,4246712.36,Bottles and Cans,Pennsylvania
RI,2014,4949.18,Bottles and Cans,Rhode Island
SC,2014,21211.65,Bottles and Cans,South Carolina
SD,2014,823.65,Bottles and Cans,South Dakota
TN,2014,696681.85,Bottles and Cans,Tennessee
TX,2014,18841742.38,Bottles and Cans,Texas
UT,2014,101610.11,Bottles and Cans,Utah
VA,2014,12259344.53,Bottles and Cans,Virginia
VT,2014,258101.46,Bottles and Cans,Vermont
WA,2014,140925.38,Bottles and Cans,Washington
WI,2014,9100215.78,Bottles and Cans,Wisconsin
WV,2014,43.45,Bottles and Cans,West Virginia
WY,2014,2447.42,Bottles and Cans,Wyoming
AK,2014,73823.62,Kegs and Barrels,Alaska
AL,2014,13749.96,Kegs and Barrels,Alabama
AR,2014,2787.48,Kegs and Barrels,Arkansas
AZ,2014,80214.06,Kegs and Barrels,Arizona
CA,2014,2330092.84,Kegs and Barrels,California
CO,2014,2207491.04,Kegs and Barrels,Colorado
CT,2014,33903.03,Kegs and Barrels,Connecticut
DC,2014,8335.8,Kegs and Barrels,District of Columbia
DE,2014,82037.96,Kegs and Barrels,Delaware
FL,2014,1242022.65,Kegs and Barrels,Florida
GA,2014,489713.84,Kegs and Barrels,Georgia
HI,2014,21582.44,Kegs and Barrels,Hawaii
IA,2014,21448.89,Kegs and Barrels,Iowa
ID,2014,17477.57,Kegs and Barrels,Idaho
IL,2014,145486.79,Kegs and Barrels,Illinois
IN,2014,66614.28,Kegs and Barrels,Indiana
KS,2014,7418.78,Kegs and Barrels,Kansas
KY,2014,24748.1,Kegs and Barrels,Kentucky
LA,2014,69442.53,Kegs and Barrels,Louisiana
MA,2014,128941.15,Kegs and Barrels,Massachusetts
MD,2014,58176.63,Kegs and Barrels,Maryland
ME,2014,116113.35,Kegs and Barrels,Maine
MI,2014,297520.14,Kegs and Barrels,Michigan
MN,2014,154949.51,Kegs and Barrels,Minnesota
MO,2014,891963.11,Kegs and Barrels,Missouri
MS,2014,7726.08,Kegs and Barrels,Mississippi
MT,2014,58998.91,Kegs and Barrels,Montana
NC,2014,971829.71,Kegs and Barrels,North Carolina
ND,2014,2601.31,Kegs and Barrels,North Dakota
NE,2014,13753.51,Kegs and Barrels,Nebraska
NH,2014,367976.5,Kegs and Barrels,New Hampshire
NJ,2014,447843.58,Kegs and Barrels,New Jersey
NM,2014,21957.12,Kegs and Barrels,New Mexico
NV,2014,8085.97,Kegs and Barrels,Nevada
NY,2014,596752.77,Kegs and Barrels,New York
OH,2014,1643427.98,Kegs and Barrels,Ohio
OK,2014,6110.0,Kegs and Barrels,Oklahoma
OR,2014,479575.19,Kegs and Barrels,Oregon
PA,2014,1244846.05,Kegs and Barrels,Pennsylvania
RI,2014,4551.43,Kegs and Barrels,Rhode Island
SC,2014,19762.34,Kegs and Barrels,South Carolina
SD,2014,1923.75,Kegs and Barrels,South Dakota
TN,2014,60753.94,Kegs and Barrels,Tennessee
TX,2014,1060536.45,Kegs and Barrels,Texas
UT,2014,51425.32,Kegs and Barrels,Utah
VA,2014,1048495.09,Kegs and Barrels,Virginia
VT,2014,93531.96,Kegs and Barrels,Vermont
WA,2014,297547.82,Kegs and Barrels,Washington
WI,2014,1066520.15,Kegs and Barrels,Wisconsin
WV,2014,5160.63,Kegs and Barrels,West Virginia
WY,2014,8379.14,Kegs and Barrels,Wyoming
AK,2015,4511.4800000000005,On Premises,Alaska
AL,2015,6109.99,On Premises,Alabama
AR,2015,1609.38,On Premises,Arkansas
AZ,2015,29869.1,On Premises,Arizona
CA,2015,124974.7,On Premises,California
CO,2015,121814.79,On Premises,Colorado
CT,2015,13218.19,On Premises,Connecticut
DC,2015,7207.309999999999,On Premises,District of Columbia
DE,2015,5865.02,On Premises,Delaware
FL,2015,38265.32,On Premises,Florida
GA,2015,17920.739999999998,On Premises,Georgia
HI,2015,4131.2,On Premises,Hawaii
IA,2015,17866.34,On Premises,Iowa
ID,2015,13809.09,On Premises,Idaho
IL,2015,46217.44,On Premises,Illinois
IN,2015,32880.57,On Premises,Indiana
KS,2015,6624.1,On Premises,Kansas
KY,2015,7183.35,On Premises,Kentucky
LA,2015,6238.54,On Premises,Louisiana
MA,2015,18915.57,On Premises,Massachusetts
MD,2015,17339.14,On Premises,Maryland
ME,2015,14981.92,On Premises,Maine
MI,2015,55195.44,On Premises,Michigan
MN,2015,35484.79,On Premises,Minnesota
MO,2015,18369.1,On Premises,Missouri
MS,2015,6197.57,On Premises,Mississippi
MT,2015,25759.63,On Premises,Montana
NC,2015,52073.41,On Premises,North Carolina
ND,2015,2322.25,On Premises,North Dakota
NE,2015,6340.13,On Premises,Nebraska
NH,2015,8634.11,On Premises,New Hampshire
NJ,2015,19453.22,On Premises,New Jersey
NM,2015,14181.52,On Premises,New Mexico
NV,2015,21635.99,On Premises,Nevada
NY,2015,44491.79,On Premises,New York
OH,2015,30296.19,On Premises,Ohio
OK,2015,9930.51,On Premises,Oklahoma
OR,2015,88028.35,On Premises,Oregon
PA,2015,44275.02,On Premises,Pennsylvania
RI,2015,961.74,On Premises,Rhode Island
SC,2015,11328.32,On Premises,South Carolina
SD,2015,1731.45,On Premises,South Dakota
TN,2015,18757.66,On Premises,Tennessee
TX,2015,62757.74,On Premises,Texas
UT,2015,4302.4400000000005,On Premises,Utah
VA,2015,36003.33,On Premises,Virginia
VT,2015,10792.93,On Premises,Vermont
WA,2015,45357.11,On Premises,Washington
WI,2015,34649.49,On Premises,Wisconsin
WV,2015,3653.33,On Premises,West Virginia
WY,2015,5403.200000000001,On Premises,Wyoming
AK,2015,126309.22,Bottles and Cans,Alaska
AL,2015,10543.0,Bottles and Cans,Alabama
AR,2015,872.11,Bottles and Cans,Arkansas
AZ,2015,44032.85,Bottles and Cans,Arizona
CA,2015,17701780.59,Bottles and Cans,California
CO,2015,17755216.77,Bottles and Cans,Colorado
CT,2015,80241.6,Bottles and Cans,Connecticut
DC,2015,9222.28,Bottles and Cans,District of Columbia
DE,2015,176483.9,Bottles and Cans,Delaware
FL,2015,9842764.82,Bottles and Cans,Florida
GA,2015,12869372.66,Bottles and Cans,Georgia
HI,2015,17643.83,Bottles and Cans,Hawaii
IA,2015,6886.79,Bottles and Cans,Iowa
ID,2015,15257.78,Bottles and Cans,Idaho
IL,2015,1177503.56,Bottles and Cans,Illinois
IN,2015,55466.71,Bottles and Cans,Indiana
KS,2015,19051.11,Bottles and Cans,Kansas
KY,2015,99595.65,Bottles and Cans,Kentucky
LA,2015,109962.3,Bottles and Cans,Louisiana
MA,2015,140674.77,Bottles and Cans,Massachusetts
MD,2015,113778.85,Bottles and Cans,Maryland
ME,2015,136646.89,Bottles and Cans,Maine
MI,2015,542697.93,Bottles and Cans,Michigan
MN,2015,314887.35,Bottles and Cans,Minnesota
MO,2015,12493739.84,Bottles and Cans,Missouri
MS,2015,11793.55,Bottles and Cans,Mississippi
MT,2015,71159.76,Bottles and Cans,Montana
NC,2015,6341549.69,Bottles and Cans,North Carolina
ND,2015,1891.37,Bottles and Cans,North Dakota
NE,2015,10792.33,Bottles and Cans,Nebraska
NH,2015,2856383.87,Bottles and Cans,New Hampshire
NJ,2015,3221454.37,Bottles and Cans,New Jersey
NM,2015,30487.22,Bottles and Cans,New Mexico
NV,2015,6091.0,Bottles and Cans,Nevada
NY,2015,7218516.11,Bottles and Cans,New York
OH,2015,18060472.31,Bottles and Cans,Ohio
OK,2015,6990.95,Bottles and Cans,Oklahoma
OR,2015,1089613.2,Bottles and Cans,Oregon
PA,2015,4140992.46,Bottles and Cans,Pennsylvania
RI,2015,5592.76,Bottles and Cans,Rhode Island
SC,2015,24319.79,Bottles and Cans,South Carolina
SD,2015,1028.03,Bottles and Cans,South Dakota
TN,2015,1073651.26,Bottles and Cans,Tennessee
TX,2015,18151237.17,Bottles and Cans,Texas
UT,2015,117512.5,Bottles and Cans,Utah
VA,2015,11190928.41,Bottles and Cans,Virginia
VT,2015,264417.4,Bottles and Cans,Vermont
WA,2015,163346.76,Bottles and Cans,Washington
WI,2015,9090297.72,Bottles and Cans,Wisconsin
WV,2015,60.86,Bottles and Cans,West Virginia
WY,2015,3409.94,Bottles and Cans,Wyoming
AK,2015,74606.28,Kegs and Barrels,Alaska
AL,2015,11465.23,Kegs and Barrels,Alabama
AR,2015,6965.83,Kegs and Barrels,Arkansas
AZ,2015,74997.94,Kegs and Barrels,Arizona
CA,2015,2220498.84,Kegs and Barrels,California
CO,2015,2083226.02,Kegs and Barrels,Colorado
CT,2015,38194.71,Kegs and Barrels,Connecticut
DC,2015,8925.18,Kegs and Barrels,District of Columbia
DE,2015,83489.86,Kegs and Barrels,Delaware
FL,2015,1245516.38,Kegs and Barrels,Florida
GA,2015,463799.45,Kegs and Barrels,Georgia
HI,2015,25424.3,Kegs and Barrels,Hawaii
IA,2015,15321.13,Kegs and Barrels,Iowa
ID,2015,16864.87,Kegs and Barrels,Idaho
IL,2015,214051.58,Kegs and Barrels,Illinois
IN,2015,66387.49,Kegs and Barrels,Indiana
KS,2015,8041.3,Kegs and Barrels,Kansas
KY,2015,30952.49,Kegs and Barrels,Kentucky
LA,2015,72007.58,Kegs and Barrels,Louisiana
MA,2015,149185.25,Kegs and Barrels,Massachusetts
MD,2015,64705.32,Kegs and Barrels,Maryland
ME,2015,117491.36,Kegs and Barrels,Maine
MI,2015,330798.01,Kegs and Barrels,Michigan
MN,2015,154250.32,Kegs and Barrels,Minnesota
MO,2015,881247.94,Kegs and Barrels,Missouri
MS,2015,5999.23,Kegs and Barrels,Mississippi
MT,2015,53876.38,Kegs and Barrels,Montana
NC,2015,991004.06,Kegs and Barrels,North Carolina
ND,2015,3456.6,Kegs and Barrels,North Dakota
NE,2015,10422.01,Kegs and Barrels,Nebraska
NH,2015,347827.51,Kegs and Barrels,New Hampshire
NJ,2015,423001.17,Kegs and Barrels,New Jersey
NM,2015,26192.78,Kegs and Barrels,New Mexico
NV,2015,5161.63,Kegs and Barrels,Nevada
NY,2015,589153.27,Kegs and Barrels,New York
OH,2015,1628062.64,Kegs and Barrels,Ohio
OK,2015,4539.32,Kegs and Barrels,Oklahoma
OR,2015,489128.91,Kegs and Barrels,Oregon
PA,2015,1156462.98,Kegs and Barrels,Pennsylvania
RI,2015,3969.48,Kegs and Barrels,Rhode Island
SC,2015,19492.06,Kegs and Barrels,South Carolina
SD,2015,2406.63,Kegs and Barrels,South Dakota
TN,2015,87084.56,Kegs and Barrels,Tennessee
TX,2015,1037119.99,Kegs and Barrels,Texas
UT,2015,54961.49,Kegs and Barrels,Utah
VA,2015,1017740.25,Kegs and Barrels,Virginia
VT,2015,89387.18,Kegs and Barrels,Vermont
WA,2015,291509.7,Kegs and Barrels,Washington
WI,2015,937817.99,Kegs and Barrels,Wisconsin
WV,2015,6640.44,Kegs and Barrels,West Virginia
WY,2015,9671.7,Kegs and Barrels,Wyoming
AK,2016,13315.93,On Premises,Alaska
AL,2016,23810.78,On Premises,Alabama
AR,2016,6091.89,On Premises,Arkansas
AZ,2016,41613.95,On Premises,Arizona
CA,2016,201066.01,On Premises,California
CO,2016,141312.55,On Premises,Colorado
CT,2016,10705.61,On Premises,Connecticut
DC,2016,8969.72,On Premises,District of Columbia
DE,2016,7647.56,On Premises,Delaware
FL,2016,88092.72,On Premises,Florida
GA,2016,30539.97,On Premises,Georgia
HI,2016,5623.03,On Premises,Hawaii
IA,2016,29975.6,On Premises,Iowa
ID,2016,7812.7,On Premises,Idaho
IL,2016,72776.5,On Premises,Illinois
IN,2016,36829.47,On Premises,Indiana
KS,2016,9095.51,On Premises,Kansas
KY,2016,16546.76,On Premises,Kentucky
LA,2016,9478.39,On Premises,Louisiana
MA,2016,78787.14,On Premises,Massachusetts
MD,2016,23190.15,On Premises,Maryland
ME,2016,27827.95,On Premises,Maine
MI,2016,100487.69,On Premises,Michigan
MN,2016,50565.24,On Premises,Minnesota
MO,2016,27933.48,On Premises,Missouri
MS,2016,6899.51,On Premises,Mississippi
MT,2016,30906.36,On Premises,Montana
NC,2016,106408.5,On Premises,North Carolina
ND,2016,2809.64,On Premises,North Dakota
NE,2016,9731.87,On Premises,Nebraska
NH,2016,16905.67,On Premises,New Hampshire
NJ,2016,35059.6,On Premises,New Jersey
NM,2016,14793.89,On Premises,New Mexico
NV,2016,17457.760000000002,On Premises,Nevada
NY,2016,57825.53999999999,On Premises,New York
OH,2016,50547.69,On Premises,Ohio
OK,2016,9525.21,On Premises,Oklahoma
OR,2016,110352.94,On Premises,Oregon
PA,2016,55589.65,On Premises,Pennsylvania
RI,2016,5280.88,On Premises,Rhode Island
SC,2016,30163.3,On Premises,South Carolina
SD,2016,3217.49,On Premises,South Dakota
TN,2016,35673.47,On Premises,Tennessee
TX,2016,101466.52,On Premises,Texas
UT,2016,6283.83,On Premises,Utah
VA,2016,68666.78,On Premises,Virginia
VT,2016,13299.51,On Premises,Vermont
WA,2016,78538.87999999999,On Premises,Washington
WI,2016,55487.79,On Premises,Wisconsin
WV,2016,6766.41,On Premises,West Virginia
WY,2016,14370.22,On Premises,Wyoming
AK,2016,115823.75,Bottles and Cans,Alaska
AL,2016,9977.46,Bottles and Cans,Alabama
AR,2016,1737.1,Bottles and Cans,Arkansas
AZ,2016,59031.78,Bottles and Cans,Arizona
CA,2016,17569308.63,Bottles and Cans,California
CO,2016,18105206.85,Bottles and Cans,Colorado
CT,2016,85586.12,Bottles and Cans,Connecticut
DC,2016,9485.89,Bottles and Cans,District of Columbia
DE,2016,174130.96,Bottles and Cans,Delaware
FL,2016,10028963.53,Bottles and Cans,Florida
GA,2016,13468949.41,Bottles and Cans,Georgia
HI,2016,24101.03,Bottles and Cans,Hawaii
IA,2016,4303.13,Bottles and Cans,Iowa
ID,2016,15422.23,Bottles and Cans,Idaho
IL,2016,1281395.63,Bottles and Cans,Illinois
IN,2016,67624.0,Bottles and Cans,Indiana
KS,2016,17069.96,Bottles and Cans,Kansas
KY,2016,97413.84,Bottles and Cans,Kentucky
LA,2016,104479.26,Bottles and Cans,Louisiana
MA,2016,168617.48,Bottles and Cans,Massachusetts
MD,2016,110105.25,Bottles and Cans,Maryland
ME,2016,136065.27,Bottles and Cans,Maine
MI,2016,630694.91,Bottles and Cans,Michigan
MN,2016,305430.57,Bottles and Cans,Minnesota
MO,2016,12567319.73,Bottles and Cans,Missouri
MS,2016,8237.78,Bottles and Cans,Mississippi
MT,2016,65207.68,Bottles and Cans,Montana
NC,2016,3389539.45,Bottles and Cans,North Carolina
ND,2016,771.99,Bottles and Cans,North Dakota
NE,2016,13944.91,Bottles and Cans,Nebraska
NH,2016,2837839.95,Bottles and Cans,New Hampshire
NJ,2016,2660433.24,Bottles and Cans,New Jersey
NM,2016,29126.65,Bottles and Cans,New Mexico
NV,2016,6477.36,Bottles and Cans,Nevada
NY,2016,7555530.53,Bottles and Cans,New York
OH,2016,18130886.35,Bottles and Cans,Ohio
OK,2016,8597.36,Bottles and Cans,Oklahoma
OR,2016,1124515.37,Bottles and Cans,Oregon
PA,2016,3853670.66,Bottles and Cans,Pennsylvania
RI,2016,6646.02,Bottles and Cans,Rhode Island
SC,2016,20753.29,Bottles and Cans,South Carolina
SD,2016,935.83,Bottles and Cans,South Dakota
TN,2016,1116453.27,Bottles and Cans,Tennessee
TX,2016,18582286.52,Bottles and Cans,Texas
UT,2016,124719.01,Bottles and Cans,Utah
VA,2016,11211279.68,Bottles and Cans,Virginia
VT,2016,220195.37,Bottles and Cans,Vermont
WA,2016,139649.07,Bottles and Cans,Washington
WI,2016,9142816.33,Bottles and Cans,Wisconsin
WV,2016,40.86,Bottles and Cans,West Virginia
WY,2016,6946.93,Bottles and Cans,Wyoming
AK,2016,69473.78,Kegs and Barrels,Alaska
AL,2016,11846.23,Kegs and Barrels,Alabama
AR,2016,9058.3,Kegs and Barrels,Arkansas
AZ,2016,71863.7,Kegs and Barrels,Arizona
CA,2016,2165833.96,Kegs and Barrels,California
CO,2016,1898362.52,Kegs and Barrels,Colorado
CT,2016,47595.2,Kegs and Barrels,Connecticut
DC,2016,9664.33,Kegs and Barrels,District of Columbia
DE,2016,78225.11,Kegs and Barrels,Delaware
FL,2016,1186318.43,Kegs and Barrels,Florida
GA,2016,533283.65,Kegs and Barrels,Georgia
HI,2016,28641.98,Kegs and Barrels,Hawaii
IA,2016,7700.13,Kegs and Barrels,Iowa
ID,2016,16296.75,Kegs and Barrels,Idaho
IL,2016,243183.0,Kegs and Barrels,Illinois
IN,2016,68150.0,Kegs and Barrels,Indiana
KS,2016,9585.41,Kegs and Barrels,Kansas
KY,2016,30049.37,Kegs and Barrels,Kentucky
LA,2016,61638.35,Kegs and Barrels,Louisiana
MA,2016,138987.97,Kegs and Barrels,Massachusetts
MD,2016,68486.52,Kegs and Barrels,Maryland
ME,2016,120823.77,Kegs and Barrels,Maine
MI,2016,329891.64,Kegs and Barrels,Michigan
MN,2016,159728.02,Kegs and Barrels,Minnesota
MO,2016,913652.28,Kegs and Barrels,Missouri
MS,2016,5060.32,Kegs and Barrels,Mississippi
MT,2016,50679.09,Kegs and Barrels,Montana
NC,2016,561127.2,Kegs and Barrels,North Carolina
ND,2016,1867.45,Kegs and Barrels,North Dakota
NE,2016,14472.86,Kegs and Barrels,Nebraska
NH,2016,317004.98,Kegs and Barrels,New Hampshire
NJ,2016,376621.44,Kegs and Barrels,New Jersey
NM,2016,27804.17,Kegs and Barrels,New Mexico
NV,2016,8279.46,Kegs and Barrels,Nevada
NY,2016,566871.56,Kegs and Barrels,New York
OH,2016,1457112.02,Kegs and Barrels,Ohio
OK,2016,5642.57,Kegs and Barrels,Oklahoma
OR,2016,477381.22,Kegs and Barrels,Oregon
PA,2016,1035752.73,Kegs and Barrels,Pennsylvania
RI,2016,3675.99,Kegs and Barrels,Rhode Island
SC,2016,13380.82,Kegs and Barrels,South Carolina
SD,2016,2606.53,Kegs and Barrels,South Dakota
TN,2016,72261.38,Kegs and Barrels,Tennessee
TX,2016,1073417.23,Kegs and Barrels,Texas
UT,2016,54169.39,Kegs and Barrels,Utah
VA,2016,1253898.31,Kegs and Barrels,Virginia
VT,2016,68330.18,Kegs and Barrels,Vermont
WA,2016,251896.07,Kegs and Barrels,Washington
WI,2016,1010565.53,Kegs and Barrels,Wisconsin
WV,2016,3835.3,Kegs and Barrels,West Virginia
WY,2016,8328.08,Kegs and Barrels,Wyoming
AK,2017,15974.1,On Premises,Alaska
AL,2017,29160.56,On Premises,Alabama
AR,2017,13441.2,On Premises,Arkansas
AZ,2017,45424.11,On Premises,Arizona
CA,2017,293554.62,On Premises,California
CO,2017,163026.9,On Premises,Colorado
CT,2017,21767.05,On Premises,Connecticut
DC,2017,11096.419999999998,On Premises,District of Columbia
DE,2017,9254.17,On Premises,Delaware
FL,2017,122617.24,On Premises,Florida
GA,2017,51488.76,On Premises,Georgia
HI,2017,8503.95,On Premises,Hawaii
IA,2017,49090.14,On Premises,Iowa
ID,2017,9438.59,On Premises,Idaho
IL,2017,104165.94,On Premises,Illinois
IN,2017,42795.43,On Premises,Indiana
KS,2017,11772.39,On Premises,Kansas
KY,2017,27147.95,On Premises,Kentucky
LA,2017,16448.690000000002,On Premises,Louisiana
MA,2017,85176.38,On Premises,Massachusetts
MD,2017,28127.45,On Premises,Maryland
ME,2017,36717.920000000006,On Premises,Maine
MI,2017,126317.83,On Premises,Michigan
MN,2017,61178.19,On Premises,Minnesota
MO,2017,28606.86,On Premises,Missouri
MS,2017,8898.59,On Premises,Mississippi
MT,2017,35410.18,On Premises,Montana
NC,2017,122669.87,On Premises,North Carolina
ND,2017,5287.38,On Premises,North Dakota
NE,2017,16999.38,On Premises,Nebraska
NH,2017,27295.210000000003,On Premises,New Hampshire
NJ,2017,51339.57,On Premises,New Jersey
NM,2017,18654.17,On Premises,New Mexico
NV,2017,14372.05,On Premises,Nevada
NY,2017,78958.19,On Premises,New York
OH,2017,79394.12999999999,On Premises,Ohio
OK,2017,10922.26,On Premises,Oklahoma
OR,2017,131075.08000000002,On Premises,Oregon
PA,2017,69737.43000000001,On Premises,Pennsylvania
RI,2017,6891.13,On Premises,Rhode Island
SC,2017,30800.78,On Premises,South Carolina
SD,2017,6582.66,On Premises,South Dakota
TN,2017,39494.25,On Premises,Tennessee
TX,2017,143879.86,On Premises,Texas
UT,2017,8391.41,On Premises,Utah
VA,2017,114900.37,On Premises,Virginia
VT,2017,20568.820000000003,On Premises,Vermont
WA,2017,97744.72,On Premises,Washington
WI,2017,68905.03,On Premises,Wisconsin
WV,2017,8218.02,On Premises,West Virginia
WY,2017,27214.460000000003,On Premises,Wyoming
AK,2017,109652.22,Bottles and Cans,Alaska
AL,2017,11797.8,Bottles and Cans,Alabama
AR,2017,8723.15,Bottles and Cans,Arkansas
AZ,2017,66483.94,Bottles and Cans,Arizona
CA,2017,16705423.6,Bottles and Cans,California
CO,2017,17964522.31,Bottles and Cans,Colorado
CT,2017,123130.64,Bottles and Cans,Connecticut
DC,2017,10449.74,Bottles and Cans,District of Columbia
DE,2017,214555.74,Bottles and Cans,Delaware
FL,2017,9755349.98,Bottles and Cans,Florida
GA,2017,13440658.34,Bottles and Cans,Georgia
HI,2017,30194.62,Bottles and Cans,Hawaii
IA,2017,5108.17,Bottles and Cans,Iowa
ID,2017,16421.24,Bottles and Cans,Idaho
IL,2017,1127874.13,Bottles and Cans,Illinois
IN,2017,72637.37,Bottles and Cans,Indiana
KS,2017,16123.88,Bottles and Cans,Kansas
KY,2017,115167.63,Bottles and Cans,Kentucky
LA,2017,102647.73,Bottles and Cans,Louisiana
MA,2017,232429.02,Bottles and Cans,Massachusetts
MD,2017,109556.2,Bottles and Cans,Maryland
ME,2017,126135.75,Bottles and Cans,Maine
MI,2017,781680.1699999999,Bottles and Cans,Michigan
MN,2017,331456.26,Bottles and Cans,Minnesota
MO,2017,12110143.63,Bottles and Cans,Missouri
MS,2017,6798.97,Bottles and Cans,Mississippi
MT,2017,67927.37999999999,Bottles and Cans,Montana
NC,2017,880391.57,Bottles and Cans,North Carolina
ND,2017,1480.51,Bottles and Cans,North Dakota
NE,2017,13914.72,Bottles and Cans,Nebraska
NH,2017,2746031.96,Bottles and Cans,New Hampshire
NJ,2017,2439250.35,Bottles and Cans,New Jersey
NM,2017,38350.28,Bottles and Cans,New Mexico
NV,2017,8418.869999999999,Bottles and Cans,Nevada
NY,2017,7507875.58,Bottles and Cans,New York
OH,2017,17733218.04,Bottles and Cans,Ohio
OK,2017,8032.06,Bottles and Cans,Oklahoma
OR,2017,1019538.32,Bottles and Cans,Oregon
PA,2017,3637399.93,Bottles and Cans,Pennsylvania
RI,2017,16985.26,Bottles and Cans,Rhode Island
SC,2017,20894.82,Bottles and Cans,South Carolina
SD,2017,1132.85,Bottles and Cans,South Dakota
TN,2017,1307141.77,Bottles and Cans,Tennessee
TX,2017,18110667.950000003,Bottles and Cans,Texas
UT,2017,126456.78,Bottles and Cans,Utah
VA,2017,12678626.95,Bottles and Cans,Virginia
VT,2017,208884.06,Bottles and Cans,Vermont
WA,2017,142440.45,Bottles and Cans,Washington
WI,2017,9189949.38,Bottles and Cans,Wisconsin
WV,2017,15.6,Bottles and Cans,West Virginia
WY,2017,7393.61,Bottles and Cans,Wyoming
AK,2017,66217.06,Kegs and Barrels,Alaska
AL,2017,8771.22,Kegs and Barrels,Alabama
AR,2017,4824.97,Kegs and Barrels,Arkansas
AZ,2017,70469.77,Kegs and Barrels,Arizona
CA,2017,2178070.92,Kegs and Barrels,California
CO,2017,1560670.89,Kegs and Barrels,Colorado
CT,2017,93599.78,Kegs and Barrels,Connecticut
DC,2017,9813.66,Kegs and Barrels,District of Columbia
DE,2017,74403.02,Kegs and Barrels,Delaware
FL,2017,1173282.12,Kegs and Barrels,Florida
GA,2017,499930.03,Kegs and Barrels,Georgia
HI,2017,32067.39,Kegs and Barrels,Hawaii
IA,2017,12338.0,Kegs and Barrels,Iowa
ID,2017,17439.22,Kegs and Barrels,Idaho
IL,2017,229367.33,Kegs and Barrels,Illinois
IN,2017,63530.02,Kegs and Barrels,Indiana
KS,2017,10026.43,Kegs and Barrels,Kansas
KY,2017,32458.9,Kegs and Barrels,Kentucky
LA,2017,53685.02,Kegs and Barrels,Louisiana
MA,2017,162431.53,Kegs and Barrels,Massachusetts
MD,2017,69714.09,Kegs and Barrels,Maryland
ME,2017,116743.91,Kegs and Barrels,Maine
MI,2017,347771.21,Kegs and Barrels,Michigan
MN,2017,159497.56,Kegs and Barrels,Minnesota
MO,2017,840259.38,Kegs and Barrels,Missouri
MS,2017,4474.17,Kegs and Barrels,Mississippi
MT,2017,47842.61,Kegs and Barrels,Montana
NC,2017,289428.28,Kegs and Barrels,North Carolina
ND,2017,3219.15,Kegs and Barrels,North Dakota
NE,2017,13928.55,Kegs and Barrels,Nebraska
NH,2017,292497.8,Kegs and Barrels,New Hampshire
NJ,2017,367964.45,Kegs and Barrels,New Jersey
NM,2017,34733.93,Kegs and Barrels,New Mexico
NV,2017,10871.8,Kegs and Barrels,Nevada
NY,2017,520583.59,Kegs and Barrels,New York
OH,2017,1383472.57,Kegs and Barrels,Ohio
OK,2017,5409.25,Kegs and Barrels,Oklahoma
OR,2017,643288.16,Kegs and Barrels,Oregon
PA,2017,946253.9,Kegs and Barrels,Pennsylvania
RI,2017,7854.41,Kegs and Barrels,Rhode Island
SC,2017,20748.53,Kegs and Barrels,South Carolina
SD,2017,3319.71,Kegs and Barrels,South Dakota
TN,2017,64760.02,Kegs and Barrels,Tennessee
TX,2017,1057055.7,Kegs and Barrels,Texas
UT,2017,54184.15,Kegs and Barrels,Utah
VA,2017,1463360.4,Kegs and Barrels,Virginia
VT,2017,64791.32,Kegs and Barrels,Vermont
WA,2017,222188.23,Kegs and Barrels,Washington
WI,2017,1093376.11,Kegs and Barrels,Wisconsin
WV,2017,3564.32,Kegs and Barrels,West Virginia
WY,2017,8312.15,Kegs and Barrels,Wyoming
AK,2018,30620.23,On Premises,Alaska
AL,2018,41718.66,On Premises,Alabama
AR,2018,25150.46,On Premises,Arkansas
AZ,2018,47009.71,On Premises,Arizona
CA,2018,359636.06,On Premises,California
CO,2018,176577.49,On Premises,Colorado
CT,2018,26871.86,On Premises,Connecticut
DC,2018,10027.41,On Premises,District of Columbia
DE,2018,13816.8,On Premises,Delaware
FL,2018,138723.04,On Premises,Florida
GA,2018,51856.22,On Premises,Georgia
HI,2018,12037.94,On Premises,Hawaii
IA,2018,74918.83,On Premises,Iowa
ID,2018,12906.99,On Premises,Idaho
IL,2018,134257.55,On Premises,Illinois
IN,2018,49318.85,On Premises,Indiana
KS,2018,12510.22,On Premises,Kansas
KY,2018,27648.33,On Premises,Kentucky
LA,2018,24619.93,On Premises,Louisiana
MA,2018,57305.4,On Premises,Massachusetts
MD,2018,30431.62,On Premises,Maryland
ME,2018,49649.08,On Premises,Maine
MI,2018,126231.72,On Premises,Michigan
MN,2018,85052.12,On Premises,Minnesota
MO,2018,31234.65,On Premises,Missouri
MS,2018,10462.16,On Premises,Mississippi
MT,2018,40821.3,On Premises,Montana
NC,2018,181068.92,On Premises,North Carolina
ND,2018,6723.49,On Premises,North Dakota
NE,2018,23984.61,On Premises,Nebraska
NH,2018,38366.97,On Premises,New Hampshire
NJ,2018,59781.77,On Premises,New Jersey
NM,2018,21234.68,On Premises,New Mexico
NV,2018,16923.86,On Premises,Nevada
NY,2018,112324.25,On Premises,New York
OH,2018,99966.84,On Premises,Ohio
OK,2018,16905.78,On Premises,Oklahoma
OR,2018,121831.69,On Premises,Oregon
PA,2018,78428.54999999999,On Premises,Pennsylvania
RI,2018,15674.07,On Premises,Rhode Island
SC,2018,38081.25,On Premises,South Carolina
SD,2018,8928.3,On Premises,South Dakota
TN,2018,57029.15,On Premises,Tennessee
TX,2018,162547.36000000002,On Premises,Texas
UT,2018,10153.87,On Premises,Utah
VA,2018,118672.93,On Premises,Virginia
VT,2018,19980.23,On Premises,Vermont
WA,2018,121733.57,On Premises,Washington
WI,2018,71830.22,On Premises,Wisconsin
WV,2018,7252.5,On Premises,West Virginia
WY,2018,15298.08,On Premises,Wyoming
AK,2018,100038.94,Bottles and Cans,Alaska
AL,2018,14241.33,Bottles and Cans,Alabama
AR,2018,1668.5,Bottles and Cans,Arkansas
AZ,2018,56861.38,Bottles and Cans,Arizona
CA,2018,16122748.84,Bottles and Cans,California
CO,2018,16457400.82,Bottles and Cans,Colorado
CT,2018,117099.4,Bottles and Cans,Connecticut
DC,2018,11505.98,Bottles and Cans,District of Columbia
DE,2018,217018.27,Bottles and Cans,Delaware
FL,2018,9944711.04,Bottles and Cans,Florida
GA,2018,13665906.76,Bottles and Cans,Georgia
HI,2018,34458.29,Bottles and Cans,Hawaii
IA,2018,10200.98,Bottles and Cans,Iowa
ID,2018,14567.03,Bottles and Cans,Idaho
IL,2018,1209497.06,Bottles and Cans,Illinois
IN,2018,68032.19,Bottles and Cans,Indiana
KS,2018,6626.39,Bottles and Cans,Kansas
KY,2018,129683.59,Bottles and Cans,Kentucky
LA,2018,97625.45,Bottles and Cans,Louisiana
MA,2018,233473.01,Bottles and Cans,Massachusetts
MD,2018,221125.22,Bottles and Cans,Maryland
ME,2018,83500.42,Bottles and Cans,Maine
MI,2018,902093.81,Bottles and Cans,Michigan
MN,2018,442264.6,Bottles and Cans,Minnesota
MO,2018,11927936.41,Bottles and Cans,Missouri
MS,2018,6788.76,Bottles and Cans,Mississippi
MT,2018,63609.62,Bottles and Cans,Montana
NC,2018,935057.28,Bottles and Cans,North Carolina
ND,2018,241.84,Bottles and Cans,North Dakota
NE,2018,13114.23,Bottles and Cans,Nebraska
NH,2018,2579021.31,Bottles and Cans,New Hampshire
NJ,2018,2770939.78,Bottles and Cans,New Jersey
NM,2018,48212.94,Bottles and Cans,New Mexico
NV,2018,12241.81,Bottles and Cans,Nevada
NY,2018,7428652.03,Bottles and Cans,New York
OH,2018,16201555.3,Bottles and Cans,Ohio
OK,2018,183.59,Bottles and Cans,Oklahoma
OR,2018,990592.29,Bottles and Cans,Oregon
PA,2018,4126266.57,Bottles and Cans,Pennsylvania
RI,2018,32268.25,Bottles and Cans,Rhode Island
SC,2018,19482.87,Bottles and Cans,South Carolina
SD,2018,877.45,Bottles and Cans,South Dakota
TN,2018,1750984.8,Bottles and Cans,Tennessee
TX,2018,16987670.45,Bottles and Cans,Texas
UT,2018,110817.78,Bottles and Cans,Utah
VA,2018,12333484.1,Bottles and Cans,Virginia
VT,2018,187172.15,Bottles and Cans,Vermont
WA,2018,174684.94,Bottles and Cans,Washington
WI,2018,9225292.71,Bottles and Cans,Wisconsin
WV,2018,20.73,Bottles and Cans,West Virginia
WY,2018,11129.22,Bottles and Cans,Wyoming
AK,2018,62922.15,Kegs and Barrels,Alaska
AL,2018,9873.67,Kegs and Barrels,Alabama
AR,2018,1623.57,Kegs and Barrels,Arkansas
AZ,2018,71892.05,Kegs and Barrels,Arizona
CA,2018,2054263.98,Kegs and Barrels,California
CO,2018,1598523.94,Kegs and Barrels,Colorado
CT,2018,50128.49,Kegs and Barrels,Connecticut
DC,2018,8975.52,Kegs and Barrels,District of Columbia
DE,2018,68113.87,Kegs and Barrels,Delaware
FL,2018,1211791.38,Kegs and Barrels,Florida
GA,2018,460632.48,Kegs and Barrels,Georgia
HI,2018,34821.42,Kegs and Barrels,Hawaii
IA,2018,9353.45,Kegs and Barrels,Iowa
ID,2018,15268.86,Kegs and Barrels,Idaho
IL,2018,219382.35,Kegs and Barrels,Illinois
IN,2018,56023.45,Kegs and Barrels,Indiana
KS,2018,6342.37,Kegs and Barrels,Kansas
KY,2018,28653.06,Kegs and Barrels,Kentucky
LA,2018,48367.7,Kegs and Barrels,Louisiana
MA,2018,154797.7,Kegs and Barrels,Massachusetts
MD,2018,70807.06,Kegs and Barrels,Maryland
ME,2018,97260.97,Kegs and Barrels,Maine
MI,2018,359017.74,Kegs and Barrels,Michigan
MN,2018,152641.92,Kegs and Barrels,Minnesota
MO,2018,763851.31,Kegs and Barrels,Missouri
MS,2018,3666.89,Kegs and Barrels,Mississippi
MT,2018,44290.04,Kegs and Barrels,Montana
NC,2018,298636.47,Kegs and Barrels,North Carolina
ND,2018,299.88,Kegs and Barrels,North Dakota
NE,2018,11217.22,Kegs and Barrels,Nebraska
NH,2018,295253.52,Kegs and Barrels,New Hampshire
NJ,2018,370889.34,Kegs and Barrels,New Jersey
NM,2018,37733.8,Kegs and Barrels,New Mexico
NV,2018,12423.11,Kegs and Barrels,Nevada
NY,2018,466871.0,Kegs and Barrels,New York
OH,2018,1359048.25,Kegs and Barrels,Ohio
OK,2018,968.47,Kegs and Barrels,Oklahoma
OR,2018,404151.01,Kegs and Barrels,Oregon
PA,2018,905758.65,Kegs and Barrels,Pennsylvania
RI,2018,15630.68,Kegs and Barrels,Rhode Island
SC,2018,14709.1,Kegs and Barrels,South Carolina
SD,2018,2298.83,Kegs and Barrels,South Dakota
TN,2018,54131.48,Kegs and Barrels,Tennessee
TX,2018,1069103.27,Kegs and Barrels,Texas
UT,2018,51234.23,Kegs and Barrels,Utah
VA,2018,1272328.62,Kegs and Barrels,Virginia
VT,2018,66620.54,Kegs and Barrels,Vermont
WA,2018,222168.19,Kegs and Barrels,Washington
WI,2018,1047608.3,Kegs and Barrels,Wisconsin
WV,2018,3278.68,Kegs and Barrels,West Virginia
WY,2018,16731.39,Kegs and Barrels,Wyoming
AK,2019,32849.37,On Premises,Alaska
AL,2019,47160.08,On Premises,Alabama
AR,2019,16568.73,On Premises,Arkansas
AZ,2019,49699.26,On Premises,Arizona
CA,2019,399692.97,On Premises,California
CO,2019,175934.31,On Premises,Colorado
CT,2019,34422.9,On Premises,Connecticut
DC,2019,16347.97,On Premises,District of Columbia
DE,2019,14478.8,On Premises,Delaware
FL,2019,182784.12,On Premises,Florida
GA,2019,55631.8,On Premises,Georgia
HI,2019,11721.24,On Premises,Hawaii
IA,2019,61429.37,On Premises,Iowa
ID,2019,13178.42,On Premises,Idaho
IL,2019,118482.59,On Premises,Illinois
IN,2019,55688.14,On Premises,Indiana
KS,2019,14480.41,On Premises,Kansas
KY,2019,24404.79,On Premises,Kentucky
LA,2019,55422.57,On Premises,Louisiana
MA,2019,81860.44,On Premises,Massachusetts
MD,2019,33126.14,On Premises,Maryland
ME,2019,46942.61,On Premises,Maine
MI,2019,131484.72,On Premises,Michigan
MN,2019,96830.69,On Premises,Minnesota
MO,2019,34057.43,On Premises,Missouri
MS,2019,11912.45,On Premises,Mississippi
MT,2019,48182.05,On Premises,Montana
NC,2019,222608.55,On Premises,North Carolina
ND,2019,10218.59,On Premises,North Dakota
NE,2019,25822.41,On Premises,Nebraska
NH,2019,50049.94,On Premises,New Hampshire
NJ,2019,81325.78,On Premises,New Jersey
NM,2019,25948.46,On Premises,New Mexico
NV,2019,21115.35,On Premises,Nevada
NY,2019,150616.79,On Premises,New York
OH,2019,132029.68,On Premises,Ohio
OK,2019,21128.75,On Premises,Oklahoma
OR,2019,122000.26,On Premises,Oregon
PA,2019,89591.8,On Premises,Pennsylvania
RI,2019,24270.72,On Premises,Rhode Island
SC,2019,53161.06,On Premises,South Carolina
SD,2019,9386.07,On Premises,South Dakota
TN,2019,59753.64,On Premises,Tennessee
TX,2019,196218.38,On Premises,Texas
UT,2019,19578.59,On Premises,Utah
VA,2019,163800.67,On Premises,Virginia
VT,2019,23530.86,On Premises,Vermont
WA,2019,144277.95,On Premises,Washington
WI,2019,74567.2,On Premises,Wisconsin
WV,2019,8301.94,On Premises,West Virginia
WY,2019,12462.54,On Premises,Wyoming
AK,2019,92235.04,Bottles and Cans,Alaska
AL,2019,15337.81,Bottles and Cans,Alabama
AR,2019,10033.89,Bottles and Cans,Arkansas
AZ,2019,213919.27,Bottles and Cans,Arizona
CA,2019,15495820.4,Bottles and Cans,California
CO,2019,17351292.18,Bottles and Cans,Colorado
CT,2019,113684.6,Bottles and Cans,Connecticut
DC,2019,7808.04,Bottles and Cans,District of Columbia
DE,2019,224084.01,Bottles and Cans,Delaware
FL,2019,9013013.49,Bottles and Cans,Florida
GA,2019,12855949.27,Bottles and Cans,Georgia
HI,2019,35265.45,Bottles and Cans,Hawaii
IA,2019,29810.82,Bottles and Cans,Iowa
ID,2019,16303.95,Bottles and Cans,Idaho
IL,2019,1225146.67,Bottles and Cans,Illinois
IN,2019,61722.24,Bottles and Cans,Indiana
KS,2019,6917.34,Bottles and Cans,Kansas
KY,2019,144579.27,Bottles and Cans,Kentucky
LA,2019,83159.92,Bottles and Cans,Louisiana
MA,2019,228565.35,Bottles and Cans,Massachusetts
MD,2019,302088.7,Bottles and Cans,Maryland
ME,2019,73118.94,Bottles and Cans,Maine
MI,2019,948026.03,Bottles and Cans,Michigan
MN,2019,1393791.89,Bottles and Cans,Minnesota
MO,2019,11393001.56,Bottles and Cans,Missouri
MS,2019,6174.98,Bottles and Cans,Mississippi
MT,2019,60992.74,Bottles and Cans,Montana
NC,2019,982104.25,Bottles and Cans,North Carolina
ND,2019,36.88,Bottles and Cans,North Dakota
NE,2019,13354.17,Bottles and Cans,Nebraska
NH,2019,2276766.48,Bottles and Cans,New Hampshire
NJ,2019,2507478.59,Bottles and Cans,New Jersey
NM,2019,55513.97,Bottles and Cans,New Mexico
NV,2019,17351.27,Bottles and Cans,Nevada
NY,2019,7720584.9,Bottles and Cans,New York
OH,2019,16176334.47,Bottles and Cans,Ohio
OK,2019,589.29,Bottles and Cans,Oklahoma
OR,2019,970083.59,Bottles and Cans,Oregon
PA,2019,5175879.25,Bottles and Cans,Pennsylvania
RI,2019,42190.46,Bottles and Cans,Rhode Island
SC,2019,17600.06,Bottles and Cans,South Carolina
SD,2019,935.45,Bottles and Cans,South Dakota
TN,2019,2641268.05,Bottles and Cans,Tennessee
TX,2019,16934638.35,Bottles and Cans,Texas
UT,2019,91927.41,Bottles and Cans,Utah
VA,2019,12829543.99,Bottles and Cans,Virginia
VT,2019,178160.04,Bottles and Cans,Vermont
WA,2019,188786.24,Bottles and Cans,Washington
WI,2019,8353029.28,Bottles and Cans,Wisconsin
WV,2019,14.16,Bottles and Cans,West Virginia
WY,2019,14611.11,Bottles and Cans,Wyoming
AK,2019,55454.19,Kegs and Barrels,Alaska
AL,2019,9014.92,Kegs and Barrels,Alabama
AR,2019,3959.08,Kegs and Barrels,Arkansas
AZ,2019,88478.11,Kegs and Barrels,Arizona
CA,2019,1977084.0,Kegs and Barrels,California
CO,2019,1570358.69,Kegs and Barrels,Colorado
CT,2019,46190.93,Kegs and Barrels,Connecticut
DC,2019,5741.02,Kegs and Barrels,District of Columbia
DE,2019,60444.29,Kegs and Barrels,Delaware
FL,2019,1177400.04,Kegs and Barrels,Florida
GA,2019,499525.74,Kegs and Barrels,Georgia
HI,2019,35111.73,Kegs and Barrels,Hawaii
IA,2019,18434.52,Kegs and Barrels,Iowa
ID,2019,14402.52,Kegs and Barrels,Idaho
IL,2019,200870.19,Kegs and Barrels,Illinois
IN,2019,49086.33,Kegs and Barrels,Indiana
KS,2019,7479.97,Kegs and Barrels,Kansas
KY,2019,25118.64,Kegs and Barrels,Kentucky
LA,2019,33660.9,Kegs and Barrels,Louisiana
MA,2019,143222.34,Kegs and Barrels,Massachusetts
MD,2019,72769.66,Kegs and Barrels,Maryland
ME,2019,101032.66,Kegs and Barrels,Maine
MI,2019,348934.58,Kegs and Barrels,Michigan
MN,2019,146756.1,Kegs and Barrels,Minnesota
MO,2019,742043.07,Kegs and Barrels,Missouri
MS,2019,3361.31,Kegs and Barrels,Mississippi
MT,2019,39887.71,Kegs and Barrels,Montana
NC,2019,300587.32,Kegs and Barrels,North Carolina
ND,2019,145.87,Kegs and Barrels,North Dakota
NE,2019,9249.5,Kegs and Barrels,Nebraska
NH,2019,269654.65,Kegs and Barrels,New Hampshire
NJ,2019,325232.23,Kegs and Barrels,New Jersey
NM,2019,37837.5,Kegs and Barrels,New Mexico
NV,2019,15045.5,Kegs and Barrels,Nevada
NY,2019,450143.63,Kegs and Barrels,New York
OH,2019,1368599.36,Kegs and Barrels,Ohio
OK,2019,1121.82,Kegs and Barrels,Oklahoma
OR,2019,349803.33,Kegs and Barrels,Oregon
PA,2019,822363.35,Kegs and Barrels,Pennsylvania
RI,2019,19862.36,Kegs and Barrels,Rhode Island
SC,2019,14289.9,Kegs and Barrels,South Carolina
SD,2019,2675.96,Kegs and Barrels,South Dakota
TN,2019,35017.56,Kegs and Barrels,Tennessee
TX,2019,1056401.63,Kegs and Barrels,Texas
UT,2019,39701.03,Kegs and Barrels,Utah
VA,2019,1186030.99,Kegs and Barrels,Virginia
VT,2019,69498.8,Kegs and Barrels,Vermont
WA,2019,208289.99,Kegs and Barrels,Washington
WI,2019,799948.2,Kegs and Barrels,Wisconsin
WV,2019,4017.18,Kegs and Barrels,West Virginia
WY,2019,18726.19,Kegs and Barrels,Wyoming
